brand,model,screen_size,cpu,ram,OS,special_features,graphics,graphics_coprocessor,harddisk_numeric,price
17,821,15.66,27,32.0,34,0,7,0,512.0,1599.0
0,84,15.6,6,8.0,38,44,19,0,128.0,299.99
0,190,15.6,2,4.0,4,151,19,0,64.0,239.99
3,687,16.0,26,16.0,34,44,7,0,512.0,1274.03
0,90,15.6,24,8.0,38,5,19,0,128.0,299.99
0,128,15.6,25,16.0,34,44,7,0,512.0,814.77
9,603,14.0,6,16.0,33,7,19,0,1024.0,379.99
20,404,15.6,25,20.0,33,0,19,38,1000.0,639.99
0,601,17.3,8,16.0,34,45,7,0,1024.0,1199.99
9,377,15.6,24,16.0,34,13,19,72,1024.0,473.0
3,323,15.6,25,8.0,34,44,7,0,512.0,699.99
17,735,15.6,26,16.0,34,7,81,0,512.0,938.0
12,409,15.6,24,20.0,33,44,19,0,256.0,419.0
12,416,15.6,7,8.0,34,7,7,0,256.0,801.96
3,687,16.0,27,16.0,34,7,7,0,1024.0,1799.99
9,211,14.0,2,4.0,4,13,19,0,64.0,249.0
9,800,17.3,24,32.0,34,101,19,0,1024.0,510.0
9,400,15.6,25,16.0,34,127,19,0,512.0,527.15
3,687,16.0,27,32.0,37,0,7,125,1024.0,2199.0
17,717,15.6,27,32.0,34,0,7,117,512.0,1699.0
6,419,16.0,25,32.0,33,0,19,38,1000.0,899.99
17,821,15.66,27,32.0,34,0,7,0,1024.0,1599.0
12,402,14.0,24,20.0,34,65,19,0,1024.0,359.0
9,369,14.0,2,4.0,4,0,19,74,64.0,209.99
12,413,15.6,25,8.0,37,7,19,0,512.0,637.35
6,419,15.6,2,16.0,34,7,19,0,1024.0,439.0
0,226,14.0,5,8.0,4,0,19,72,128.0,372.66
17,451,15.6,26,16.0,34,7,83,125,1024.0,1429.0
12,404,14.0,24,8.0,38,67,19,0,128.0,281.69
3,165,15.6,2,4.0,38,153,19,0,64.0,236.47
9,379,15.0,6,8.0,34,0,19,0,256.0,337.96
3,817,13.3,26,32.0,37,65,19,0,1024.0,1399.99
3,686,15.6,8,16.0,34,7,7,0,1024.0,1044.77
12,404,15.6,2,8.0,4,134,19,0,64.0,294.29
0,46,15.6,2,4.0,4,13,19,0,64.0,224.0
3,218,14.0,2,4.0,4,33,19,0,128.0,225.82
12,321,14.0,7,16.0,34,0,19,15,256.0,539.99
0,83,15.6,2,4.0,38,0,19,72,128.0,229.99
3,685,13.4,27,16.0,34,149,7,0,1024.0,1749.99
9,360,15.6,24,16.0,34,0,19,69,1024.0,465.0
17,717,15.6,27,32.0,34,0,7,117,1024.0,1699.0
3,685,13.4,27,32.0,37,0,7,125,1024.0,2499.99
12,206,11.6,4,4.0,4,13,19,0,32.0,114.74
16,724,15.0,26,16.0,34,46,19,0,512.0,1084.66
3,806,15.6,26,16.0,34,44,76,0,512.0,1150.99
3,807,15.6,8,16.0,34,0,7,123,1024.0,1149.0
9,4,14.0,2,4.0,38,127,19,0,64.0,199.99
3,689,17.3,9,32.0,37,0,7,126,1024.0,2619.99
0,85,14.0,24,8.0,38,137,19,0,128.0,426.64
3,159,17.3,25,8.0,34,136,74,0,512.0,783.95
12,415,13.3,24,8.0,4,7,19,0,128.0,479.0
6,252,14.0,26,16.0,24,156,19,0,512.0,399.0
9,208,11.6,2,4.0,4,14,97,72,64.0,271.99
0,729,14.0,26,16.0,34,73,19,0,512.0,762.19
3,843,15.6,27,16.0,34,0,19,67,1024.0,989.99
2,587,16.2,17,32.0,9,0,19,82,512.0,1899.0
0,139,15.6,7,8.0,33,44,19,0,256.0,488.94
2,45,13.6,16,16.0,9,72,19,23,512.0,1459.94
21,605,15.6,26,16.0,37,0,19,69,16.0,1099.99
3,916,15.6,8,32.0,34,65,19,0,1024.0,1299.0
2,587,13.0,16,16.0,9,0,19,0,256.0,1457.99
9,366,15.6,2,16.0,34,0,19,72,1024.0,469.0
3,166,11.6,2,4.0,32,0,19,74,64.0,134.9
7,338,15.6,25,8.0,34,0,7,124,512.0,879.99
3,834,15.6,8,16.0,34,0,19,10,1024.0,749.99
0,223,11.6,2,4.0,4,0,19,38,64.0,226.0
3,920,14.5,27,32.0,34,0,7,124,1024.0,2399.99
3,144,11.6,4,4.0,4,144,19,0,32.0,184.62
17,716,17.3,27,32.0,34,7,84,126,1024.0,2793.89
12,402,15.6,24,8.0,34,7,28,0,256.0,429.0
17,596,15.6,25,16.0,22,44,7,87,512.0,729.99
2,44,13.6,16,16.0,9,0,19,0,256.0,1255.94
9,302,14.0,25,16.0,24,7,19,0,256.0,1000.0
3,668,16.0,27,32.0,34,0,7,125,1024.0,2499.99
21,215,15.6,2,4.0,4,0,19,0,64.0,205.0
9,363,14.0,24,8.0,4,117,19,0,128.0,265.99
0,139,15.6,6,4.0,33,73,19,0,128.0,367.29
19,684,14.0,9,16.0,34,0,83,125,1024.0,2699.99
3,831,15.6,24,8.0,22,50,19,0,128.0,379.0
0,619,16.0,26,16.0,34,45,7,0,1024.0,1649.99
3,156,16.0,8,16.0,34,7,76,0,1000.0,1589.99
3,837,15.6,9,32.0,34,0,7,124,1024.0,1399.99
6,897,13.4,26,16.0,34,73,19,0,512.0,1229.99
6,243,15.6,26,16.0,34,0,7,0,512.0,1129.99
3,829,14.0,25,8.0,34,0,19,67,256.0,479.99
9,369,16.0,12,4.0,4,44,7,0,32.0,94.98
3,836,16.0,27,32.0,34,88,22,0,1024.0,1699.99
3,839,16.0,27,16.0,34,0,7,124,1024.0,1484.99
6,477,14.0,25,16.0,37,16,32,0,512.0,1666.4
3,324,17.3,25,16.0,34,0,7,113,1024.0,873.0
9,364,15.6,25,12.0,38,155,19,0,256.0,503.58
16,727,12.45,25,8.0,34,72,19,0,256.0,529.0
12,555,14.0,26,16.0,33,48,19,0,512.0,535.99
12,456,14.0,5,4.0,38,0,19,75,128.0,191.87
2,587,16.0,34,32.0,6,44,7,0,1024.0,3059.0
21,606,16.0,26,32.0,37,0,19,0,64.0,1939.99
3,148,15.6,2,8.0,4,0,19,0,64.0,247.05
0,228,13.3,35,8.0,4,40,19,0,64.0,424.46
19,179,16.0,27,32.0,33,0,7,0,1024.0,3611.89
9,374,15.0,7,32.0,33,0,19,10,1024.0,685.0
13,24,16.0,25,16.0,34,124,29,0,512.0,1284.93
9,616,14.0,25,8.0,22,44,19,0,256.0,570.0
9,380,17.3,25,8.0,34,8,19,0,256.0,576.99
12,781,14.0,26,32.0,37,0,19,67,1024.0,1949.99
13,32,16.0,26,32.0,34,0,19,0,1024.0,1757.57
9,367,17.3,24,16.0,33,13,19,72,1024.0,557.0
17,824,17.3,27,32.0,37,0,7,125,1024.0,1999.99
17,452,17.3,26,32.0,34,0,7,124,1024.0,1399.0
12,776,14.0,25,16.0,24,72,19,0,256.0,219.0
3,668,16.0,27,32.0,34,0,7,124,32.0,2199.0
3,920,14.5,27,32.0,34,0,7,123,1024.0,2299.99
3,835,16.0,7,8.0,34,96,19,0,512.0,561.0
12,555,14.0,5,4.0,33,0,19,38,256.0,181.99
17,823,16.0,27,16.0,34,0,7,126,1024.0,2091.05
9,209,11.6,4,4.0,4,7,19,84,256.0,160.0
3,164,14.0,2,4.0,36,0,19,72,64.0,231.85
9,384,14.0,25,8.0,33,72,19,0,256.0,514.99
3,171,15.6,27,32.0,24,44,76,0,1024.0,2849.0
3,142,11.6,2,4.0,24,7,19,0,64.0,279.99
12,559,15.6,25,12.0,34,69,19,0,256.0,561.99
12,575,16.0,25,8.0,34,44,19,0,256.0,682.0
6,420,14.0,8,8.0,37,13,4,0,512.0,542.95
12,743,14.0,26,16.0,24,88,19,0,512.0,1249.0
21,346,13.3,25,8.0,4,151,19,0,256.0,643.0
0,193,17.3,2,4.0,4,136,19,0,128.0,328.67
0,88,14.0,25,8.0,34,44,19,0,512.0,499.99
6,437,16.0,26,32.0,37,0,19,66,1000.0,1020.33
9,35,17.3,24,32.0,33,0,19,38,1000.0,619.99
12,284,13.0,1,8.0,24,13,19,0,256.0,799.0
6,876,13.4,26,32.0,37,42,19,0,1024.0,1126.85
12,82,15.6,6,8.0,34,0,19,6,256.0,499.0
12,562,14.0,7,16.0,33,72,19,0,256.0,622.04
6,464,15.6,25,8.0,37,14,19,38,256.0,748.47
3,171,15.6,26,16.0,3,132,79,117,1024.0,2499.99
6,877,13.4,26,16.0,37,42,19,0,1024.0,1305.17
19,178,15.6,26,16.0,34,7,78,0,1024.0,1659.68
9,382,15.6,24,8.0,19,147,19,0,128.0,377.0
12,600,14.0,3,4.0,4,0,19,31,64.0,299.0
6,502,15.6,25,32.0,37,0,19,69,1024.0,939.99
0,126,16.0,9,16.0,34,45,7,0,1024.0,1649.99
3,151,11.6,2,4.0,38,0,19,0,64.0,252.54
9,616,14.0,25,8.0,34,72,19,0,256.0,499.99
13,29,16.0,26,16.0,34,0,91,69,1024.0,1612.99
21,700,12.2,2,4.0,4,137,19,0,32.0,447.95
12,402,15.6,24,20.0,34,136,19,0,1024.0,487.0
12,43,13.3,34,4.0,4,7,19,66,1024.0,433.99
9,72,15.6,25,16.0,34,0,19,0,512.0,520.0
13,38,17.0,26,16.0,34,13,19,0,1024.0,1399.99
6,464,15.6,26,16.0,37,119,19,0,512.0,1428.96
6,119,15.6,26,16.0,37,0,7,116,512.0,1749.33
9,389,14.0,25,8.0,34,73,19,0,512.0,608.0
3,809,15.6,25,16.0,34,0,7,0,512.0,999.0
3,828,14.0,24,8.0,33,44,28,0,256.0,357.5
17,677,15.6,26,16.0,34,7,19,0,512.0,1465.8
13,31,16.0,26,16.0,34,0,19,0,1024.0,1799.0
6,419,15.6,26,32.0,33,126,19,0,1000.0,949.99
9,206,14.0,2,4.0,4,147,19,0,32.0,150.0
13,12,14.0,26,32.0,34,0,19,0,1024.0,1796.99
17,676,15.6,26,32.0,37,0,7,125,1024.0,1697.23
6,108,15.6,8,16.0,34,160,43,0,512.0,1497.99
3,841,14.0,8,16.0,34,112,19,0,1024.0,1099.99
9,394,15.6,7,16.0,34,1,10,0,512.0,699.0
9,360,14.0,2,4.0,4,136,19,0,64.0,239.0
16,726,13.5,26,16.0,24,44,19,69,512.0,1198.99
6,508,13.3,25,16.0,33,35,32,69,512.0,1680.56
3,141,14.0,2,4.0,19,147,19,0,64.0,129.99
0,707,14.0,26,16.0,34,44,7,0,512.0,886.37
21,869,13.3,24,16.0,4,0,19,72,32.0,729.0
9,303,14.0,18,8.0,24,142,19,0,256.0,159.99
9,384,15.6,8,32.0,33,0,4,10,1024.0,732.0
12,561,15.6,2,4.0,22,100,19,0,128.0,185.95
0,186,14.0,2,4.0,4,0,19,38,64.0,204.0
0,92,17.3,26,16.0,18,72,19,0,512.0,699.99
12,413,15.6,25,8.0,33,100,19,0,512.0,485.0
6,464,15.6,26,16.0,37,119,19,0,512.0,1499.99
3,799,14.0,24,4.0,32,72,19,0,128.0,460.48
13,577,17.0,26,16.0,37,0,19,70,512.0,1199.0
12,402,14.0,2,4.0,33,0,19,38,64.0,220.69
0,125,16.0,8,16.0,34,45,7,0,512.0,1241.46
12,418,14.0,25,8.0,34,135,19,0,512.0,443.0
9,47,14.0,2,4.0,4,0,19,74,64.0,225.0
18,612,14.0,25,16.0,19,146,19,0,1024.0,655.96
6,419,15.6,25,32.0,37,0,19,72,1024.0,689.65
3,36,17.3,5,4.0,4,60,19,0,64.0,246.0
9,298,15.6,7,16.0,24,14,71,10,512.0,1137.02
3,238,17.3,2,4.0,4,13,19,0,64.0,247.36
0,129,15.6,26,16.0,34,7,7,0,512.0,1199.0
0,95,15.6,7,8.0,34,0,19,5,512.0,450.0
3,698,14.5,26,12.0,34,13,19,0,512.0,689.49
3,846,15.6,26,16.0,33,84,19,0,512.0,901.56
3,839,16.0,27,16.0,34,0,7,124,512.0,1399.99
3,150,14.0,26,16.0,4,53,19,0,512.0,979.99
3,837,15.6,26,16.0,34,81,7,0,512.0,1259.99
21,342,14.0,35,4.0,34,7,19,0,128.0,345.0
18,199,13.1,25,8.0,19,13,19,0,240.0,420.0
6,477,14.0,26,16.0,24,14,32,0,512.0,1658.99
24,612,13.1,25,16.0,24,44,19,0,256.0,1550.99
9,390,11.6,2,4.0,24,0,19,74,128.0,245.0
3,839,16.0,27,16.0,34,0,7,124,1024.0,1646.99
6,464,15.6,26,16.0,37,14,19,38,512.0,1109.18
12,560,14.0,2,4.0,33,14,19,0,64.0,195.0
9,41,15.6,6,4.0,22,101,19,10,1024.0,269.0
6,503,15.6,26,16.0,37,44,19,0,512.0,1349.99
6,466,14.0,25,8.0,24,14,32,0,256.0,835.85
3,143,12.0,4,4.0,4,0,19,83,32.0,278.97
6,881,15.6,26,16.0,37,0,7,113,512.0,1576.57
6,640,16.0,26,32.0,37,14,85,144,512.0,2549.0
12,563,15.6,26,8.0,34,7,7,0,512.0,934.0
0,94,15.6,3,4.0,4,0,19,74,64.0,129.99
3,690,15.6,27,32.0,37,107,7,0,1024.0,2299.0
6,545,14.0,25,32.0,37,0,19,66,1000.0,2023.03
3,217,14.0,2,4.0,4,33,19,0,64.0,283.55
18,202,14.0,25,16.0,24,145,19,0,1024.0,658.94
1,109,15.6,26,16.0,34,7,19,0,512.0,1599.0
6,638,17.0,26,32.0,37,13,7,148,512.0,2475.0
2,585,13.0,16,8.0,6,0,19,0,1024.0,1178.0
3,844,16.0,7,8.0,34,96,19,0,512.0,699.99
21,344,15.6,26,16.0,19,101,19,0,512.0,1177.42
9,460,15.6,6,8.0,22,0,19,20,256.0,346.9
3,838,15.6,26,16.0,34,92,7,116,512.0,1530.63
3,149,14.0,26,16.0,4,149,19,0,512.0,1211.99
9,16,15.6,24,8.0,32,25,19,0,256.0,423.99
17,675,15.6,26,32.0,37,0,7,124,1024.0,1499.0
0,705,14.0,26,16.0,34,0,19,69,1024.0,1406.88
3,317,14.0,26,16.0,37,0,19,0,512.0,1829.99
3,846,15.6,25,8.0,19,133,0,69,512.0,606.15
17,450,15.6,27,32.0,34,0,7,125,1024.0,1899.0
6,464,15.6,25,16.0,37,119,19,0,256.0,1038.43
9,374,14.0,25,8.0,34,73,19,69,512.0,629.49
6,487,13.3,26,32.0,37,0,19,69,512.0,1507.9
6,419,15.6,25,16.0,37,13,19,72,512.0,649.0
12,569,13.0,18,4.0,4,0,92,10,32.0,195.99
3,805,15.6,26,8.0,22,0,75,114,512.0,940.47
4,859,11.6,2,6.0,33,151,19,0,256.0,308.42
3,840,16.0,27,16.0,34,0,7,0,1024.0,1799.99
17,595,15.6,8,16.0,37,0,19,10,1024.0,799.0
9,911,14.0,26,16.0,37,14,32,69,512.0,1681.99
17,680,16.0,27,32.0,34,0,7,124,1024.0,1743.0
9,613,14.0,24,8.0,38,0,19,69,256.0,428.45
21,865,14.0,2,8.0,4,159,19,0,32.0,349.99
0,96,11.6,12,16.0,4,39,19,15,1024.0,139.0
3,834,15.6,7,8.0,34,0,19,0,512.0,619.99
6,464,14.0,25,16.0,37,13,19,0,256.0,691.53
9,7,14.0,5,4.0,4,101,19,0,64.0,259.95
12,50,13.3,18,4.0,4,30,19,10,32.0,245.0
7,132,15.6,27,16.0,34,0,7,69,1024.0,2099.99
12,571,14.0,26,16.0,37,73,19,0,1024.0,1199.99
12,407,15.6,25,12.0,22,14,32,0,512.0,508.0
16,728,12.3,1,8.0,22,0,19,68,256.0,624.99
6,279,15.6,26,32.0,37,80,7,0,1024.0,1689.18
6,531,14.0,26,16.0,24,0,32,69,512.0,1029.99
9,613,14.0,6,8.0,33,14,19,10,128.0,313.0
3,831,15.6,7,8.0,34,0,19,0,512.0,699.99
6,820,16.0,26,16.0,37,40,7,0,512.0,1161.11
3,161,15.6,7,8.0,22,72,19,0,128.0,548.0
12,406,15.6,24,8.0,33,13,19,0,256.0,389.0
3,922,17.3,8,8.0,34,111,19,0,512.0,999.99
13,11,14.0,26,16.0,37,0,19,69,1024.0,1303.76
6,630,15.6,26,32.0,24,118,86,0,512.0,2387.94
6,477,15.6,25,16.0,24,14,32,0,256.0,1169.99
24,200,12.0,25,8.0,24,44,19,55,256.0,993.99
16,462,15.0,8,8.0,22,65,19,0,512.0,858.98
3,924,13.9,26,1.0,24,132,26,0,1024.0,1399.9
12,780,14.0,26,16.0,33,14,32,0,512.0,2079.99
17,656,13.3,26,32.0,37,0,0,67,1024.0,1299.0
12,766,16.0,26,32.0,37,14,67,0,1024.0,2349.99
6,115,18.0,27,32.0,34,0,19,126,1000.0,2929.99
6,505,15.6,25,32.0,37,0,19,66,1000.0,930.17
3,143,17.3,2,4.0,4,0,19,54,32.0,259.99
6,466,14.0,25,8.0,24,14,32,0,256.0,899.0
17,664,16.0,26,32.0,37,0,82,124,1024.0,1900.58
17,681,16.0,27,32.0,34,0,7,125,1024.0,3499.0
6,423,16.0,26,40.0,34,19,19,0,1024.0,1096.99
6,464,15.6,26,8.0,42,0,19,66,120.0,159.0
12,759,16.0,26,32.0,37,44,7,119,256.0,1799.0
12,405,15.6,6,4.0,32,59,19,0,256.0,395.0
18,203,14.0,25,16.0,41,145,19,0,512.0,799.99
6,880,15.6,26,16.0,37,118,16,0,1024.0,2022.0
6,419,15.6,7,32.0,34,0,19,10,1024.0,548.0
9,384,11.6,31,4.0,19,0,19,75,128.0,369.0
9,613,17.3,25,8.0,33,44,19,0,512.0,639.99
6,495,15.6,26,16.0,37,19,19,38,512.0,1552.3
6,252,14.0,25,8.0,24,0,19,0,512.0,350.0
9,19,15.6,8,16.0,33,0,20,10,512.0,675.0
6,492,14.0,8,16.0,37,73,19,5,1000.0,595.97
6,419,16.0,25,16.0,33,0,19,38,1000.0,849.99
6,696,14.1,25,8.0,19,0,19,45,256.0,415.0
12,559,15.6,24,4.0,33,65,19,72,256.0,299.99
12,736,15.6,25,16.0,37,119,32,69,512.0,816.33
0,192,15.6,5,8.0,4,0,19,72,64.0,399.99
6,860,17.3,26,16.0,22,0,7,0,512.0,2199.0
9,390,15.6,25,8.0,24,0,27,69,256.0,719.99
3,316,14.0,26,16.0,24,135,31,0,1024.0,1299.99
9,124,15.6,7,8.0,34,13,19,0,256.0,457.64
9,827,15.6,25,16.0,34,0,7,157,512.0,1169.99
3,918,13.3,26,16.0,24,132,19,69,1024.0,799.99
12,569,15.6,25,8.0,24,72,7,0,256.0,799.0
12,569,14.0,26,16.0,24,25,19,0,512.0,1270.77
0,191,15.6,2,8.0,4,0,19,72,64.0,345.44
9,309,16.0,8,16.0,37,14,70,8,512.0,1427.99
0,87,14.0,25,8.0,34,44,19,0,512.0,668.55
12,569,14.0,25,8.0,24,0,19,0,256.0,883.58
9,291,13.5,25,16.0,24,14,32,69,512.0,2039.0
17,181,17.3,8,32.0,37,44,7,0,1024.0,1499.0
7,134,17.3,26,16.0,34,152,7,0,1024.0,2149.0
13,577,17.0,26,16.0,22,44,19,0,1024.0,1787.62
13,10,14.0,25,16.0,34,137,19,0,512.0,1299.99
17,658,14.0,26,32.0,19,32,19,69,1024.0,1001.18
6,419,15.6,25,32.0,34,0,19,72,512.0,602.0
9,360,14.0,3,8.0,19,0,19,62,1024.0,379.0
6,119,15.6,26,16.0,37,0,7,116,512.0,1578.21
21,214,11.6,2,4.0,4,123,19,0,32.0,209.96
12,760,16.0,27,32.0,37,44,7,0,1024.0,3499.0
0,137,17.3,24,12.0,33,0,19,72,256.0,478.99
12,322,14.0,7,16.0,22,137,19,11,1024.0,589.0
3,842,14.5,25,8.0,34,89,19,0,512.0,899.99
6,495,14.0,26,32.0,37,13,19,38,1024.0,1670.17
9,63,15.6,25,16.0,24,0,19,0,256.0,899.0
9,208,11.6,2,4.0,4,14,97,72,256.0,240.74
6,886,13.4,26,16.0,37,0,19,66,512.0,992.99
6,531,14.0,26,16.0,24,14,32,0,256.0,1900.08
6,875,13.3,26,16.0,34,90,19,69,256.0,1125.99
3,147,14.0,23,4.0,0,40,19,49,128.0,284.92
9,371,11.6,4,4.0,4,0,19,86,32.0,270.28
6,118,14.0,26,32.0,37,160,48,0,1000.0,2167.89
9,291,13.5,25,16.0,24,14,32,69,256.0,1003.99
3,217,14.0,2,4.0,4,27,19,0,32.0,212.32
6,492,14.0,25,16.0,37,13,19,69,512.0,499.99
3,153,16.0,26,32.0,34,0,80,0,1024.0,2699.0
6,243,15.6,26,32.0,34,0,7,116,1000.0,1389.84
9,267,14.0,2,4.0,34,127,19,0,64.0,229.99
12,565,17.3,26,8.0,34,0,7,113,1024.0,1449.99
6,477,14.0,25,16.0,24,0,32,69,256.0,1377.76
6,890,15.6,27,32.0,37,0,19,114,1000.0,1948.99
12,414,14.0,25,16.0,22,14,32,0,512.0,699.99
12,797,13.0,3,8.0,7,13,7,0,512.0,806.47
20,811,15.6,24,4.0,33,0,19,38,128.0,249.99
21,604,14.0,26,16.0,37,93,19,0,1024.0,1409.99
12,754,15.6,25,8.0,37,14,97,72,256.0,1059.0
9,913,16.0,26,32.0,37,14,87,130,1024.0,3196.99
0,711,14.0,26,16.0,34,149,19,0,512.0,1079.99
9,384,17.3,24,32.0,22,13,19,72,1024.0,729.99
6,263,14.0,25,8.0,24,142,19,0,256.0,219.0
6,642,15.6,26,32.0,24,160,55,0,512.0,1629.95
12,402,15.6,24,12.0,33,0,19,72,512.0,478.88
12,773,16.0,26,16.0,33,14,32,0,512.0,1370.49
6,645,16.0,26,32.0,37,0,19,66,512.0,1616.99
6,266,14.0,26,8.0,24,44,19,0,256.0,1719.9899999999998
6,545,14.0,25,16.0,37,44,19,0,512.0,1849.99
3,146,14.0,2,4.0,4,0,19,0,64.0,184.99
9,397,15.0,5,4.0,38,101,19,0,128.0,210.37
3,457,15.6,2,4.0,32,0,19,74,64.0,235.75
6,512,13.0,26,16.0,37,160,19,0,1000.0,1150.99
6,508,14.0,26,16.0,24,14,30,0,512.0,999.99
0,227,14.0,5,8.0,4,40,19,0,64.0,489.99
6,538,14.0,25,16.0,29,0,19,38,512.0,351.98
3,833,15.6,25,8.0,22,25,19,0,256.0,460.0
12,738,14.0,7,16.0,37,14,71,10,256.0,849.0
9,306,14.0,25,16.0,37,14,32,0,256.0,1384.99
6,886,13.4,26,16.0,34,0,19,66,512.0,1041.99
12,770,15.6,26,16.0,24,14,15,0,512.0,1698.49
12,792,16.0,8,16.0,37,119,70,0,512.0,1449.99
6,67,14.0,26,16.0,24,13,19,0,512.0,425.0
3,844,16.0,8,16.0,34,96,19,0,1024.0,899.99
9,210,14.0,2,8.0,4,14,97,72,256.0,332.88
12,320,11.6,4,4.0,4,101,19,158,1024.0,195.99
12,569,14.0,26,16.0,24,44,19,0,1024.0,1356.0
3,154,17.3,1,16.0,22,0,7,0,1024.0,1799.0
12,790,12.3,25,16.0,37,79,19,0,512.0,869.99
0,803,15.6,25,16.0,37,119,32,0,512.0,630.15
2,586,13.6,16,16.0,9,0,19,0,512.0,1588.42
12,206,11.6,2,4.0,4,0,19,162,32.0,203.77
0,96,11.6,4,32.0,4,101,19,0,32.0,204.95
6,477,13.3,26,16.0,24,14,32,0,1024.0,1163.21
6,464,15.6,26,8.0,37,14,19,38,256.0,901.85
12,222,14.0,4,4.0,4,13,19,0,64.0,177.0
9,370,11.6,2,4.0,4,17,19,0,16.0,75.0
0,187,14.0,5,8.0,4,0,19,72,64.0,432.7
6,886,13.4,26,32.0,34,0,19,66,1000.0,1501.49
9,381,15.6,2,8.0,33,0,19,74,128.0,316.99
21,343,15.6,26,16.0,34,101,7,0,512.0,1320.86
6,640,17.3,26,32.0,37,14,85,144,512.0,3075.33
6,464,14.1,22,2.0,39,0,19,33,300.0,84.54
0,672,14.0,26,16.0,34,76,7,0,512.0,1049.99
12,766,16.0,7,32.0,37,14,69,7,1024.0,2251.99
0,172,14.0,25,16.0,34,0,19,0,512.0,532.49
6,398,14.0,24,4.0,19,0,19,72,128.0,399.0
6,246,15.6,25,8.0,19,0,19,62,2000.0,356.99
9,301,13.3,25,16.0,37,14,32,69,256.0,1863.52
6,477,14.0,25,16.0,24,14,32,0,512.0,2312.24
6,495,14.0,26,32.0,37,19,19,38,1024.0,1670.17
6,477,14.0,25,16.0,24,14,32,0,256.0,876.02
12,750,13.3,7,8.0,37,119,71,10,256.0,500.11
6,630,17.0,26,32.0,24,118,88,0,512.0,2701.64
0,89,15.6,7,8.0,22,44,19,0,256.0,528.18
6,888,13.3,26,8.0,19,0,22,58,256.0,699.99
12,739,14.0,26,8.0,33,14,32,69,512.0,1019.0
0,802,14.0,26,16.0,24,130,32,0,1024.0,1347.59
3,170,13.3,25,8.0,22,41,19,0,512.0,1099.0
3,830,14.0,25,8.0,34,0,7,105,512.0,819.99
16,727,12.4,25,8.0,32,0,19,67,256.0,729.99
6,502,15.6,26,32.0,37,13,0,69,512.0,1488.95
13,27,16.0,25,16.0,34,124,7,0,512.0,900.9
9,206,14.0,2,4.0,4,143,19,0,32.0,297.0
12,780,14.0,26,16.0,33,14,32,0,512.0,1637.24
0,195,11.6,1,4.0,4,125,19,81,1024.0,269.0
6,508,14.0,25,16.0,24,14,32,0,256.0,917.24
18,203,14.0,25,8.0,19,154,22,0,256.0,700.0
3,148,11.6,2,4.0,4,13,19,0,1024.0,198.0
3,160,17.3,25,12.0,33,0,24,54,1024.0,519.0
6,479,13.3,25,8.0,24,0,19,72,256.0,2199.0
9,297,15.6,25,16.0,24,14,32,69,256.0,939.19
6,654,17.0,27,32.0,37,44,7,0,1024.0,2949.0
12,569,14.0,26,16.0,24,0,0,0,512.0,1599.0
12,762,14.0,8,32.0,33,34,70,0,512.0,2148.82
12,407,15.6,5,4.0,22,14,97,0,256.0,349.99
9,361,14.0,25,32.0,33,0,19,38,1000.0,599.99
16,579,13.5,25,8.0,22,0,19,0,256.0,449.0
6,254,13.3,25,16.0,24,142,19,66,512.0,544.495
3,840,16.0,26,32.0,34,91,75,0,1024.0,1445.82
13,26,16.0,26,16.0,33,4,19,0,1024.0,1546.84
18,199,13.1,25,8.0,19,13,19,0,480.0,552.99
12,748,15.6,25,8.0,31,72,19,0,256.0,369.95
6,512,13.0,25,8.0,37,160,19,0,256.0,749.99
6,75,15.6,26,32.0,24,156,22,0,256.0,479.99
3,162,16.0,8,12.0,34,0,19,10,512.0,629.0
12,51,13.3,26,16.0,24,95,19,0,512.0,849.0
6,114,17.3,8,12.0,34,0,7,116,512.0,1486.99
18,612,13.1,25,16.0,19,44,19,0,1024.0,599.99
6,329,15.6,27,16.0,22,0,19,118,1000.0,1767.99
6,512,13.0,25,16.0,34,160,19,0,1000.0,899.74
6,650,17.0,27,32.0,37,13,7,153,512.0,3345.99
6,526,14.0,26,32.0,37,13,19,69,512.0,1535.99
6,545,14.0,25,16.0,37,0,19,66,1000.0,1499.99
3,163,17.3,8,8.0,34,96,19,0,512.0,743.66
17,719,13.4,26,32.0,37,0,19,67,1024.0,1599.0
0,91,15.6,25,8.0,34,43,7,0,512.0,879.99
6,537,15.0,26,16.0,37,160,19,0,512.0,986.99
6,634,15.6,27,16.0,24,0,19,146,1024.0,2499.99
21,868,15.6,2,4.0,19,0,19,0,512.0,268.99
0,795,14.0,25,8.0,24,72,19,72,512.0,1026.99
3,690,15.6,27,32.0,34,107,7,0,1024.0,2249.0
3,230,11.6,2,8.0,4,144,19,72,32.0,444.99
18,612,15.4,25,16.0,24,148,19,0,480.0,606.89
3,826,15.6,24,8.0,33,48,19,0,128.0,370.23
2,587,16.0,27,16.0,6,0,7,77,1024.0,1419.0
6,623,14.0,26,16.0,19,14,32,69,512.0,1910.62
12,742,14.0,26,16.0,33,140,0,0,512.0,1169.0
12,417,14.0,25,16.0,34,0,32,69,512.0,711.99
18,201,15.4,25,8.0,19,147,7,0,240.0,450.0
12,411,15.6,25,16.0,37,75,19,0,512.0,659.99
12,554,15.6,25,12.0,19,0,19,38,256.0,899.99
17,232,16.0,27,16.0,34,0,7,125,1024.0,1599.0
12,1,15.6,12,4.0,22,0,7,15,128.0,399.99
13,30,16.0,25,8.0,37,0,19,55,512.0,978.99
6,66,13.3,26,16.0,24,44,19,0,256.0,1499.0
9,300,12.5,26,8.0,28,0,19,32,500.0,248.98
13,21,15.0,25,8.0,34,0,19,0,512.0,1469.44
6,108,15.6,8,32.0,22,160,44,0,1000.0,1986.99
17,597,15.6,26,16.0,34,0,7,125,1024.0,1349.49
6,477,14.0,25,8.0,24,14,32,0,256.0,726.07
17,234,15.6,26,16.0,37,152,7,0,512.0,1099.99
9,374,14.0,24,8.0,19,48,19,55,1024.0,587.99
6,252,14.0,24,2.0,40,0,19,44,320.0,99.99
9,6,14.0,12,4.0,32,0,0,0,1024.0,207.99
6,623,15.6,26,16.0,33,14,89,152,512.0,1910.11
9,378,15.6,24,8.0,33,0,19,0,32.0,479.99
0,225,11.6,2,4.0,4,0,19,38,64.0,316.39
9,0,11.6,4,4.0,4,147,19,85,32.0,168.0
12,740,14.0,26,16.0,33,119,32,69,512.0,1209.0
6,281,17.0,27,32.0,37,74,19,0,1024.0,2999.0
6,508,14.0,25,16.0,24,14,32,0,256.0,798.0
6,871,13.4,26,16.0,33,44,19,0,1024.0,1355.84
24,205,14.0,25,16.0,24,44,19,55,512.0,1195.0
16,724,15.0,8,16.0,22,0,19,19,512.0,1299.0
6,580,15.6,15,32.0,33,0,13,117,1024.0,1962.99
9,390,14.0,25,4.0,42,0,19,48,320.0,124.0
18,612,12.0,26,16.0,19,137,19,0,512.0,1773.99
6,882,17.0,27,32.0,22,0,58,106,1024.0,4999.0
17,594,14.0,26,16.0,34,0,19,67,1024.0,839.99
12,765,16.0,26,16.0,37,44,19,0,512.0,1499.0
0,183,11.6,2,4.0,4,125,19,0,32.0,334.99
9,23,16.0,26,16.0,34,44,7,69,512.0,1400.0
6,508,16.0,26,16.0,37,14,32,69,512.0,1599.99
12,746,15.6,7,16.0,33,14,71,10,512.0,864.14
12,55,11.6,2,8.0,4,14,98,74,32.0,282.67
12,206,11.6,10,4.0,4,13,19,0,32.0,253.46
12,739,14.0,25,16.0,33,14,32,69,256.0,965.99
6,329,15.6,26,16.0,34,0,7,116,1000.0,1163.99
12,787,14.0,25,16.0,33,119,32,69,256.0,1152.45
12,558,14.0,6,4.0,19,65,19,30,256.0,468.0
3,691,17.3,26,16.0,22,0,7,91,1000.0,1699.0
12,764,15.6,26,32.0,24,14,68,0,1024.0,1349.99
10,448,14.1,2,4.0,24,0,19,26,64.0,239.99
17,229,15.6,26,16.0,37,0,22,90,1024.0,1246.47
6,520,14.0,25,16.0,24,6,19,69,256.0,792.95
9,909,17.3,26,16.0,27,0,19,32,1000.0,474.98
12,56,11.6,2,4.0,22,0,19,53,64.0,269.99
0,99,14.0,26,8.0,19,48,19,69,512.0,599.99
6,508,14.0,25,16.0,37,14,32,69,256.0,1359.99
6,244,16.0,26,32.0,24,105,7,0,1024.0,1374.98
17,235,17.3,27,32.0,33,0,7,135,1024.0,4499.0
12,559,15.6,24,4.0,35,0,19,0,256.0,360.0
6,512,13.0,25,8.0,37,160,19,0,256.0,749.99
3,285,14.0,2,4.0,38,0,19,74,64.0,229.99
9,393,11.6,34,4.0,19,0,19,0,32.0,176.24
12,559,15.6,24,8.0,19,0,19,72,256.0,400.0
6,495,14.0,26,32.0,37,19,19,38,512.0,996.99
9,393,11.6,2,4.0,32,7,19,0,32.0,194.97
6,508,13.3,26,16.0,24,14,32,0,512.0,1718.99
6,531,14.0,26,16.0,37,36,32,69,512.0,2643.99
6,464,14.0,26,16.0,37,119,19,0,512.0,1482.04
6,114,17.3,8,16.0,34,0,7,118,2000.0,1881.99
3,734,11.6,25,4.0,43,0,19,50,128.0,462.0
26,870,15.6,26,32.0,34,44,7,104,512.0,1699.99
9,388,15.6,26,12.0,19,51,19,0,1024.0,959.99
6,455,13.3,26,16.0,24,0,19,0,512.0,1273.99
6,503,15.6,26,16.0,37,44,19,0,1000.0,1009.0
6,885,13.0,26,16.0,34,0,19,66,1000.0,1561.99
6,117,14.0,26,12.0,34,0,19,116,1000.0,2086.99
6,542,15.6,26,16.0,28,0,19,32,500.0,268.98
12,551,16.0,8,16.0,34,0,7,17,512.0,1344.99
7,133,17.0,32,16.0,34,0,7,0,1024.0,1119.99
12,761,14.0,8,16.0,37,14,71,0,512.0,1638.95
2,587,13.0,16,16.0,9,0,19,0,512.0,1657.99
6,531,14.0,26,16.0,24,63,32,0,512.0,2150.88
6,466,14.0,25,8.0,24,0,32,69,256.0,836.16
6,519,14.0,26,16.0,37,160,19,0,256.0,749.99
6,464,15.6,25,32.0,37,44,19,0,512.0,953.82
12,908,14.0,26,8.0,19,95,19,0,512.0,899.0
3,154,15.6,26,8.0,19,139,7,0,512.0,979.0
0,213,15.6,2,4.0,4,0,97,72,512.0,312.99
12,566,14.0,28,4.0,4,0,19,0,64.0,333.99
9,34,15.6,19,8.0,34,0,19,10,256.0,378.0
12,221,13.3,24,4.0,4,21,19,0,64.0,399.0
6,480,13.3,26,16.0,24,160,19,0,512.0,1273.99
6,493,14.0,26,32.0,37,0,19,66,1000.0,1227.99
3,145,14.0,2,4.0,4,33,0,53,32.0,199.0
3,611,15.6,25,8.0,37,0,19,0,256.0,619.71
12,732,14.0,25,16.0,22,142,19,46,256.0,139.98
6,879,15.6,26,16.0,24,20,33,25,512.0,979.0
12,770,15.6,27,32.0,24,0,15,120,1024.0,4119.0
6,887,13.4,26,16.0,37,0,19,66,512.0,1273.99
6,623,15.6,26,16.0,24,14,96,0,512.0,1723.77
12,569,14.0,25,8.0,33,0,19,55,256.0,653.99
9,912,16.0,26,32.0,37,14,95,131,512.0,1973.99
18,612,13.1,25,4.0,39,158,19,0,250.0,299.95
0,206,15.6,2,4.0,4,0,19,47,512.0,93.99
6,399,15.6,26,16.0,22,13,53,0,512.0,1699.0
6,250,16.0,8,16.0,34,0,19,10,1000.0,854.86
17,721,14.0,25,16.0,37,0,19,69,512.0,941.05
16,461,13.5,25,8.0,22,65,19,0,512.0,865.0
6,508,14.0,26,32.0,37,14,32,0,512.0,2192.13
9,372,14.0,25,8.0,24,0,19,0,256.0,490.77
9,283,13.5,26,16.0,37,64,32,69,512.0,2333.99
3,160,14.0,24,4.0,22,2,19,0,128.0,446.98
6,466,14.0,24,8.0,37,14,97,0,256.0,784.97
9,370,11.6,2,4.0,4,14,19,49,512.0,69.82
6,273,13.3,25,8.0,19,99,19,0,128.0,1099.95
12,744,14.0,7,16.0,33,14,71,10,256.0,729.99
6,530,16.0,26,32.0,37,0,19,66,512.0,1662.92
12,743,11.6,2,4.0,24,7,19,0,128.0,286.0
6,623,15.6,25,16.0,24,14,17,0,256.0,1526.31
6,886,13.4,25,16.0,37,0,19,66,512.0,909.99
16,724,15.0,7,8.0,22,0,19,22,256.0,799.0
3,690,15.6,27,16.0,22,107,7,0,1024.0,2249.99
6,445,16.0,26,40.0,34,0,19,66,1000.0,1498.0
10,449,14.1,2,4.0,19,0,19,26,64.0,189.95
12,80,15.6,32,4.0,38,58,19,0,128.0,222.5
6,428,15.6,25,16.0,24,0,19,72,512.0,681.61
6,630,15.6,26,32.0,24,14,86,0,512.0,1699.95
6,464,14.0,26,16.0,37,0,19,69,512.0,802.91
6,325,15.6,25,8.0,34,0,74,0,256.0,760.99
3,160,11.6,2,2.0,19,0,19,0,32.0,199.99
12,559,15.6,5,20.0,33,13,19,0,1024.0,419.0
0,729,14.0,25,8.0,34,73,19,69,512.0,799.99
6,489,14.0,25,8.0,24,6,19,0,1000.0,656.25
0,212,11.6,4,4.0,4,0,19,66,32.0,219.0
7,810,14.0,32,16.0,34,152,19,0,512.0,700.43
3,828,11.6,2,4.0,32,0,19,75,32.0,169.0
6,464,15.6,26,32.0,37,40,19,0,1024.0,949.0
6,508,14.0,26,16.0,37,14,32,69,256.0,1875.98
12,784,16.0,26,16.0,37,14,12,114,512.0,2352.59
6,890,15.6,26,16.0,34,0,7,113,512.0,1566.99
6,887,13.4,26,32.0,37,0,19,66,2000.0,1820.99
6,242,14.0,26,16.0,37,70,7,0,512.0,1077.24
12,766,16.0,26,16.0,37,14,67,0,512.0,1851.99
21,214,11.6,2,4.0,4,0,19,74,64.0,249.49
6,891,15.6,26,32.0,34,0,7,123,2000.0,2409.99
12,220,11.6,2,4.0,4,0,19,74,64.0,229.0
6,630,14.0,26,16.0,24,14,85,144,512.0,2472.99
6,269,15.0,26,32.0,11,0,0,0,512.0,1999.95
6,623,15.6,26,16.0,37,14,7,0,512.0,1514.09
13,577,15.6,25,8.0,22,0,19,68,256.0,999.99
6,871,17.0,26,16.0,19,48,7,0,1024.0,2179.05
12,762,14.0,26,16.0,37,14,96,0,512.0,2426.99
16,724,13.5,25,16.0,34,65,19,0,512.0,1499.99
9,362,14.0,24,4.0,22,13,19,0,128.0,328.58
6,489,15.6,25,8.0,24,6,19,29,256.0,1443.6
0,184,11.6,2,1.0,4,144,19,0,32.0,295.4
6,252,13.3,25,8.0,24,0,19,67,256.0,729.0
9,666,12.5,25,8.0,27,0,19,32,256.0,209.98
6,522,14.0,26,32.0,24,160,19,0,512.0,1652.99
12,772,15.6,26,8.0,33,14,11,0,256.0,1920.57
6,520,14.0,25,16.0,24,6,19,69,256.0,544.0
9,62,13.3,25,16.0,24,0,19,0,256.0,2099.0
6,242,16.0,8,16.0,33,81,19,0,512.0,854.86
12,773,16.0,7,16.0,37,14,71,10,256.0,1007.0
12,572,14.0,26,32.0,37,0,19,69,512.0,1644.31
9,300,12.5,25,16.0,27,0,19,32,512.0,307.98
17,591,14.0,25,8.0,13,129,19,0,512.0,699.0
6,288,15.6,26,8.0,42,101,7,13,500.0,529.95
6,250,16.0,8,16.0,37,0,19,10,1000.0,854.86
13,39,17.0,26,8.0,37,0,19,69,512.0,1469.99
9,714,15.6,26,16.0,34,98,19,69,512.0,2299.0
6,508,14.0,26,16.0,24,14,32,0,256.0,1652.68
3,828,15.6,24,12.0,34,0,19,72,512.0,479.0
6,279,15.6,26,32.0,37,80,7,0,1024.0,1681.29
24,204,14.0,25,8.0,24,7,19,0,512.0,749.89
12,902,14.0,25,12.0,22,72,19,0,512.0,1049.0
6,542,15.6,26,16.0,28,0,19,32,1000.0,342.98
6,253,14.0,26,16.0,24,6,19,0,512.0,339.0
6,252,15.6,24,4.0,39,0,19,48,320.0,249.95
6,630,14.0,26,16.0,37,14,85,0,512.0,1770.16
9,310,14.0,25,4.0,20,0,19,65,256.0,252.98
6,543,14.0,26,32.0,37,160,5,0,256.0,999.66
12,785,13.0,26,16.0,37,14,32,0,256.0,1504.08
6,252,14.0,1,8.0,19,142,19,71,1000.0,540.0
0,100,15.6,25,8.0,22,0,19,0,256.0,436.11
0,674,16.0,26,16.0,34,7,7,0,1024.0,1849.0
6,531,14.0,25,16.0,37,37,32,69,256.0,1713.59
12,789,13.3,26,16.0,37,14,32,69,512.0,1730.95
9,177,15.6,18,4.0,22,127,19,2,128.0,288.0
6,428,15.6,25,32.0,34,0,19,72,256.0,714.34
12,758,16.0,26,16.0,24,14,93,0,512.0,1960.77
0,185,11.6,2,16.0,4,0,19,47,16.0,159.95
17,683,17.3,26,32.0,34,14,7,0,1024.0,3599.0
9,374,13.3,26,16.0,24,48,19,0,1024.0,1499.0
6,623,15.6,26,16.0,33,128,89,152,512.0,1734.21
6,464,15.6,26,16.0,37,0,19,69,512.0,873.93
6,539,14.1,21,16.0,42,0,7,0,160.0,89.99
6,644,16.0,26,32.0,37,0,7,144,512.0,1385.98
5,206,14.0,2,8.0,4,119,97,72,64.0,417.99
6,820,16.0,26,24.0,37,47,7,0,512.0,1193.72
9,381,15.6,2,16.0,19,0,0,0,512.0,425.99
9,292,14.0,26,16.0,37,119,32,69,512.0,1796.25
6,267,13.4,26,16.0,24,70,19,163,1024.0,1101.49
9,671,11.6,2,4.0,37,119,97,72,512.0,401.99
6,861,14.0,25,16.0,24,0,19,72,256.0,1699.0
6,466,11.6,2,4.0,33,14,97,72,256.0,287.99
6,531,14.0,26,16.0,24,0,0,0,128.0,2108.4
6,477,14.0,2,4.0,4,14,99,0,128.0,361.65
9,305,14.0,26,16.0,37,15,32,69,256.0,1659.99
6,503,15.6,26,16.0,37,44,19,0,512.0,879.0
6,626,13.3,26,16.0,26,0,19,55,512.0,1399.81
9,294,14.0,26,16.0,37,14,32,69,512.0,1963.3
6,246,11.6,12,4.0,19,0,7,14,32.0,289.0
13,9,14.0,26,16.0,34,137,29,0,1024.0,1699.99
6,531,15.0,25,16.0,24,63,32,0,256.0,1523.03
6,252,13.3,25,8.0,24,0,19,0,256.0,545.0
0,224,11.6,2,8.0,4,0,97,72,64.0,485.99
6,267,17.3,26,16.0,24,0,7,0,512.0,1998.77
12,573,14.0,25,8.0,24,98,19,0,256.0,844.65
6,631,14.0,26,32.0,37,0,19,144,2000.0,2668.91
6,508,14.0,25,8.0,24,14,32,0,256.0,569.77
6,623,15.6,26,16.0,24,14,96,0,512.0,1599.77
9,295,13.3,24,8.0,37,14,97,72,256.0,905.27
9,395,14.0,2,4.0,4,101,19,53,256.0,169.0
12,52,15.6,26,8.0,19,0,7,11,256.0,799.0
6,458,15.6,25,8.0,16,0,19,32,500.0,266.98
6,621,15.6,26,32.0,46,0,7,136,1000.0,1244.95
6,644,16.0,26,32.0,37,0,7,144,1000.0,1269.99
12,793,15.6,26,16.0,37,0,0,0,256.0,1171.31
6,318,14.0,25,16.0,24,0,19,0,256.0,1557.79
6,259,11.6,25,8.0,24,0,19,72,512.0,899.95
6,252,14.0,1,8.0,19,142,19,71,512.0,540.0
12,906,15.6,25,8.0,19,0,19,62,256.0,699.99
6,481,13.3,26,8.0,37,160,19,0,256.0,807.99
12,743,15.6,26,32.0,39,72,0,63,500.0,369.95
12,766,16.0,8,32.0,37,14,69,7,1024.0,2399.99
6,249,15.6,26,16.0,34,0,19,69,512.0,809.0
9,369,14.0,2,4.0,32,0,19,74,0.0625,228.0
6,267,13.4,26,16.0,24,70,19,163,1024.0,1101.34
9,671,11.6,2,4.0,37,119,97,72,256.0,401.99
6,464,13.3,25,8.0,37,119,19,0,256.0,1129.99
6,857,14.0,25,8.0,24,160,19,0,256.0,696.99
6,419,14.0,26,32.0,34,40,19,0,1024.0,880.62
9,372,15.6,25,4.0,42,0,19,50,500.0,289.95
19,180,17.3,27,32.0,33,0,80,0,1024.0,5599.0
3,164,14.0,2,4.0,36,70,19,0,128.0,432.99
6,886,13.4,26,32.0,37,0,19,66,1000.0,1150.99
0,189,15.6,13,4.0,4,0,22,14,32.0,344.0
17,657,14.0,25,16.0,19,0,19,69,512.0,1025.01
6,275,13.0,25,8.0,24,141,19,0,256.0,655.99
3,158,15.6,26,32.0,37,107,7,0,1024.0,1789.0
6,522,14.0,26,16.0,37,0,19,66,512.0,879.84
12,778,14.0,26,16.0,25,142,19,62,512.0,1470.77
6,477,15.6,26,8.0,24,14,32,0,256.0,1531.28
0,140,14.0,2,4.0,19,0,19,53,32.0,275.0
6,623,14.0,26,16.0,37,14,89,152,512.0,1626.18
6,115,18.0,27,32.0,34,0,19,126,1000.0,3098.97
6,599,15.6,25,16.0,24,0,19,76,512.0,890.77
6,248,15.6,15,32.0,33,13,19,0,1024.0,835.57
6,477,15.6,2,4.0,4,14,99,60,2000.0,129.0
12,786,14.0,25,16.0,19,44,19,0,512.0,1379.99
12,402,14.0,26,16.0,37,40,19,0,512.0,999.0
12,761,14.0,3,16.0,37,14,71,0,256.0,743.92
6,464,15.6,24,8.0,37,14,97,72,256.0,739.41
6,528,14.0,25,16.0,37,0,19,66,1000.0,1264.99
6,273,13.3,25,8.0,22,0,19,76,128.0,999.0
12,753,14.0,25,8.0,33,14,97,72,256.0,1188.25
6,545,14.0,26,16.0,37,0,19,66,512.0,1399.99
6,623,14.0,26,16.0,24,119,96,154,512.0,1817.07
9,304,14.0,26,16.0,24,70,19,0,512.0,1699.0
6,477,15.6,26,16.0,24,14,32,0,512.0,1659.96
6,477,13.3,25,16.0,24,14,32,0,256.0,1376.99
9,298,15.6,8,16.0,24,14,71,10,512.0,1147.99
13,25,16.0,26,16.0,34,4,19,0,256.0,999.0
6,901,14.0,25,16.0,24,142,19,76,256.0,1899.0
6,623,14.0,26,32.0,33,14,89,152,512.0,2070.75
9,76,15.6,2,4.0,5,0,0,0,512.0,376.21
12,798,11.6,12,4.0,42,0,7,12,500.0,298.95
9,704,15.6,11,8.0,1,0,19,0,512.0,1858.99
17,358,17.3,26,16.0,10,122,7,0,512.0,1989.33
3,832,15.6,6,8.0,22,97,19,0,128.0,419.99
9,309,16.0,8,16.0,37,14,70,8,512.0,2152.78
6,640,17.3,26,32.0,24,14,88,0,512.0,1245.49
6,481,13.3,25,8.0,24,160,19,0,256.0,740.98
0,286,15.6,24,4.0,19,0,19,62,1000.0,449.99
3,867,15.6,10,8.0,19,0,7,16,128.0,399.99
6,893,17.0,26,32.0,34,0,7,116,1000.0,1589.0
12,741,15.6,26,8.0,33,14,32,0,512.0,1002.26
6,542,15.6,26,16.0,28,0,19,32,512.0,310.98
6,516,13.3,26,16.0,22,0,19,66,512.0,1099.99
0,706,14.0,26,8.0,22,0,19,61,256.0,1518.88
9,374,15.6,26,16.0,34,0,19,69,512.0,849.49
12,904,13.3,7,8.0,34,83,19,0,256.0,649.49
6,107,15.6,26,16.0,22,0,65,117,1024.0,1598.0
6,252,13.3,26,16.0,24,44,19,0,512.0,1239.77
0,708,16.0,26,16.0,34,0,7,0,512.0,1249.0
3,923,14.0,26,16.0,24,133,7,102,128.0,2499.0
1,33,17.3,26,32.0,22,0,7,95,512.0,1594.95
6,545,14.0,25,16.0,37,0,19,66,2000.0,1659.67
0,97,15.6,24,4.0,4,0,19,76,128.0,429.99
9,387,17.3,26,16.0,22,13,7,0,256.0,2299.0
12,569,14.0,0,5.0,19,0,7,0,256.0,1149.0
21,702,15.6,26,16.0,22,0,19,69,512.0,1299.0
6,115,18.0,26,32.0,37,0,19,124,1000.0,2629.98
6,590,15.6,26,16.0,24,0,19,0,256.0,2399.0
6,328,15.6,27,32.0,37,44,7,0,1024.0,2000.98
6,470,14.0,25,8.0,24,7,19,0,256.0,600.49
6,887,13.4,26,32.0,37,0,19,66,1000.0,1895.92
24,202,14.0,25,16.0,24,70,19,0,1024.0,737.99
6,287,15.6,26,8.0,42,0,19,48,1024.0,222.88
9,911,14.0,25,16.0,37,14,32,69,256.0,1237.1
6,246,15.6,1,16.0,19,0,7,92,1000.0,1288.88
6,327,15.6,26,16.0,34,0,7,116,1000.0,1271.26
6,464,15.6,25,16.0,37,40,19,0,512.0,1673.48
3,167,15.6,8,8.0,34,72,3,0,512.0,848.88
17,822,15.6,27,32.0,34,13,7,0,1024.0,2591.48
12,182,14.0,25,8.0,22,19,19,0,256.0,739.99
6,509,12.3,26,16.0,24,13,19,76,256.0,999.0
9,910,14.0,25,16.0,37,15,32,0,256.0,778.0
6,252,14.0,25,4.0,43,0,19,89,500.0,180.0
12,769,14.0,25,16.0,33,14,32,0,512.0,1467.99
6,466,15.6,25,8.0,37,14,32,0,256.0,784.09
6,272,17.0,26,32.0,24,0,7,150,1024.0,1999.95
9,71,14.0,5,8.0,4,0,19,49,8.0,730.11
12,752,13.3,26,16.0,33,119,32,69,256.0,1419.99
6,247,14.0,25,8.0,19,47,19,0,256.0,699.0
6,623,14.0,26,32.0,37,14,32,69,512.0,1668.53
9,54,14.0,15,4.0,19,128,0,0,8.0,572.84
0,127,15.6,25,32.0,22,0,7,113,512.0,859.0
6,623,15.6,25,16.0,24,14,96,0,256.0,1100.72
6,252,13.3,26,16.0,24,0,19,0,256.0,1154.33
6,534,14.0,26,16.0,37,160,19,0,256.0,692.99
6,115,18.0,26,16.0,34,0,7,123,1000.0,2298.34
12,554,14.0,25,8.0,44,72,19,51,500.0,379.0
6,858,16.0,26,16.0,37,0,7,113,512.0,1161.11
6,881,15.6,26,16.0,37,81,7,0,1024.0,2370.07
3,169,13.3,26,8.0,24,0,19,43,256.0,1143.73
12,744,14.0,7,8.0,33,14,71,10,256.0,781.99
12,610,15.6,26,16.0,24,24,19,0,1024.0,1539.77
6,440,16.0,25,16.0,24,87,19,0,512.0,1099.99
12,903,14.0,25,8.0,45,0,22,58,256.0,699.0
6,252,14.0,26,16.0,39,0,19,47,256.0,1195.94
6,493,14.0,26,16.0,37,0,19,66,1000.0,1096.99
9,57,14.0,15,16.0,19,0,19,5,8.0,179.55
12,780,14.0,26,16.0,33,14,32,69,512.0,2242.99
14,246,15.6,8,32.0,22,19,19,0,1024.0,1799.0
6,464,14.0,25,16.0,37,14,19,0,256.0,1026.13
3,669,17.0,26,32.0,24,133,72,0,512.0,2799.0
6,512,13.0,25,16.0,34,160,19,0,256.0,750.74
6,884,13.3,25,8.0,34,160,19,0,512.0,798.94
6,640,15.6,26,32.0,24,14,93,0,512.0,1769.77
0,794,14.0,25,8.0,24,72,19,0,512.0,699.8
6,466,15.6,24,8.0,37,0,97,72,256.0,727.53
9,392,13.3,26,16.0,34,137,19,0,320.0,2399.0
16,240,13.5,25,8.0,22,0,19,76,512.0,199.99
6,58,15.6,26,32.0,24,0,22,49,1024.0,1449.81
6,252,14.0,26,16.0,24,0,19,38,256.0,1734.85
6,252,13.3,26,16.0,24,0,19,0,256.0,972.45
6,419,15.6,7,16.0,22,48,19,0,1024.0,1199.0
12,769,14.0,26,16.0,33,14,32,69,512.0,1455.66
6,464,14.0,26,16.0,37,14,19,0,256.0,1065.99
12,569,14.0,25,8.0,24,144,19,0,256.0,895.3
12,733,14.0,26,8.0,19,142,19,55,512.0,449.0
17,356,15.6,26,32.0,24,0,7,120,1024.0,3599.0
12,403,14.0,18,4.0,34,0,7,3,128.0,244.0
12,569,14.0,25,8.0,24,72,19,62,256.0,284.97
6,881,15.6,26,32.0,24,81,7,0,1024.0,2579.36
9,372,14.0,25,4.0,24,0,19,38,320.0,109.0
12,78,15.6,25,8.0,19,66,19,0,256.0,545.0
3,846,15.6,26,16.0,22,133,7,0,1024.0,933.45
9,713,13.5,26,16.0,37,98,19,0,1024.0,2399.0
12,753,14.0,26,16.0,37,14,97,72,256.0,811.39
0,194,11.6,2,4.0,4,0,19,47,32.0,229.0
6,102,17.3,26,16.0,22,0,19,110,1000.0,1499.95
6,478,13.3,26,16.0,24,160,19,0,1000.0,897.52
6,516,13.3,26,16.0,37,0,19,66,1000.0,911.02
6,730,15.0,26,16.0,26,0,19,72,512.0,2799.0
12,559,15.6,25,8.0,22,65,19,72,256.0,559.41
6,273,15.6,26,16.0,22,6,22,0,512.0,1036.82
6,493,14.0,26,16.0,37,0,19,66,512.0,931.99
6,899,15.6,26,32.0,19,48,7,0,1024.0,1779.95
16,725,12.45,25,4.0,32,0,19,72,512.0,269.99
17,592,14.0,25,8.0,17,152,19,0,512.0,589.99
6,622,15.6,26,16.0,24,0,7,159,512.0,1239.81
6,419,15.6,25,32.0,34,0,19,69,1024.0,740.6
9,912,16.0,26,16.0,37,14,94,90,512.0,2098.99
6,289,14.0,26,8.0,39,13,19,47,256.0,188.0
6,419,17.0,26,16.0,33,40,7,0,512.0,1299.0
12,569,14.0,25,16.0,24,156,19,69,512.0,1279.99
12,569,14.0,25,8.0,19,101,19,0,320.0,138.0
6,117,14.0,26,32.0,34,0,7,116,512.0,2110.35
12,777,15.6,26,8.0,42,44,7,0,256.0,599.95
12,559,15.6,2,6.0,22,0,19,0,1000.0,528.18
6,265,14.0,26,16.0,24,0,19,69,256.0,779.62
9,299,12.5,25,8.0,27,0,19,32,128.0,212.98
6,252,13.3,26,16.0,24,6,19,49,1000.0,1389.77
0,196,14.0,24,8.0,4,44,19,0,128.0,719.0
12,782,14.0,25,16.0,37,14,32,0,256.0,1869.0
6,544,14.0,26,32.0,24,160,5,0,512.0,1749.95
6,894,17.0,26,32.0,37,0,7,123,1000.0,2498.99
9,396,15.6,26,32.0,24,0,19,0,512.0,2799.0
6,879,15.6,26,4.0,19,0,7,15,1024.0,1999.0
6,523,14.0,26,16.0,37,137,19,69,256.0,1450.77
9,61,13.3,25,16.0,24,0,19,0,512.0,1482.13
17,722,14.0,26,16.0,19,137,19,0,1024.0,1334.95
6,339,15.6,26,32.0,22,160,39,0,1000.0,1789.81
17,237,17.3,26,16.0,34,38,19,117,512.0,1877.99
6,516,13.3,26,16.0,37,0,19,66,512.0,994.79
6,887,13.4,26,16.0,34,0,19,66,512.0,1807.78
6,635,15.6,25,32.0,37,160,19,0,512.0,792.78
9,670,14.0,8,16.0,24,14,71,10,256.0,971.99
12,791,13.3,25,16.0,33,119,32,69,256.0,1601.99
12,77,15.6,24,4.0,19,101,19,0,128.0,247.49
6,242,14.0,26,32.0,37,81,7,0,1024.0,1569.99
6,499,15.6,25,16.0,24,13,19,34,256.0,878.37
6,495,14.0,26,32.0,37,0,19,0,512.0,997.74
6,879,15.6,26,4.0,19,0,7,87,256.0,1999.0
6,639,17.0,26,32.0,37,0,19,145,512.0,2930.46
6,330,15.6,8,16.0,34,0,7,114,512.0,1159.0
6,497,15.6,26,16.0,24,0,19,71,256.0,1597.77
17,863,17.3,26,32.0,24,152,7,138,512.0,1699.99
9,447,15.6,26,8.0,33,48,19,0,512.0,902.98
6,467,13.3,25,8.0,37,160,19,0,256.0,694.19
12,754,15.6,25,8.0,33,14,97,72,256.0,1090.57
6,350,14.0,25,16.0,24,142,19,76,512.0,1899.0
6,512,13.0,26,16.0,34,160,19,0,512.0,1031.79
12,2,15.6,3,16.0,24,0,22,55,256.0,719.99
6,252,14.0,25,8.0,39,0,19,52,128.0,529.95
6,900,14.0,26,16.0,24,0,19,0,512.0,1472.99
6,884,13.3,25,8.0,24,160,19,0,256.0,951.99
17,453,15.6,26,16.0,19,0,7,116,512.0,1289.89
9,667,11.6,25,8.0,24,119,30,69,256.0,993.99
12,762,14.0,26,16.0,37,14,96,0,512.0,1455.77
6,644,16.0,26,32.0,37,0,7,144,512.0,1438.99
17,678,15.6,26,16.0,34,44,76,0,512.0,1113.87
6,886,13.4,25,8.0,34,0,19,66,512.0,1069.81
12,559,15.6,12,8.0,19,0,7,16,128.0,599.99
12,740,14.0,25,16.0,33,119,32,69,256.0,1149.18
6,490,14.0,25,8.0,24,160,19,0,256.0,765.75
3,846,15.6,25,8.0,33,84,0,69,512.0,718.46
6,121,17.3,26,32.0,37,160,44,0,1000.0,2402.99
11,540,14.0,24,8.0,42,0,19,0,128.0,111.05
17,231,15.6,26,16.0,19,152,7,0,1024.0,1399.0
21,700,11.6,2,2.0,4,144,19,0,16.0,149.95
6,508,15.6,26,16.0,24,14,32,0,512.0,1942.83
6,242,16.0,7,16.0,24,81,19,0,512.0,708.99
17,660,15.6,26,32.0,24,152,7,96,512.0,2399.0
6,428,15.6,25,16.0,24,0,19,72,1024.0,620.64
6,513,13.3,25,16.0,24,160,19,0,512.0,934.67
17,659,14.0,26,16.0,24,0,19,69,512.0,1099.0
6,464,14.0,25,32.0,37,44,19,0,512.0,1590.99
6,255,14.0,26,16.0,24,0,19,69,256.0,822.06
6,252,13.3,1,8.0,24,0,19,40,256.0,1299.0
3,160,14.0,2,4.0,22,149,19,0,64.0,325.0
0,135,13.3,24,8.0,43,0,19,48,320.0,299.88
6,851,15.6,26,16.0,24,18,19,69,512.0,1499.0
13,37,17.0,25,16.0,34,0,7,69,512.0,1396.99
6,69,14.0,25,32.0,24,0,19,38,512.0,885.12
9,22,15.6,26,16.0,22,0,21,69,512.0,2399.0
6,543,14.0,25,16.0,24,160,19,0,512.0,2399.99
12,559,15.6,25,8.0,19,0,19,39,256.0,599.0
3,170,13.3,26,8.0,24,40,19,0,512.0,1399.0
12,569,15.6,25,8.0,24,156,19,69,256.0,791.12
6,520,14.0,25,16.0,24,10,19,0,1000.0,1748.04
6,520,14.0,25,16.0,24,10,19,0,1024.0,1748.04
6,477,15.6,25,16.0,24,14,32,0,512.0,1550.25
18,197,13.1,25,4.0,43,0,22,58,500.0,399.99
21,701,11.6,28,4.0,4,0,19,37,32.0,298.0
6,527,14.0,26,16.0,34,0,19,66,512.0,1577.98
6,340,15.6,26,16.0,22,139,19,107,512.0,2499.0
6,252,15.6,26,16.0,39,0,19,48,256.0,119.95
6,632,15.6,25,16.0,24,0,7,136,256.0,1199.95
3,161,15.6,26,8.0,33,56,19,0,512.0,772.2
9,384,15.6,25,8.0,33,0,19,0,256.0,849.99
6,466,11.6,2,4.0,37,14,19,0,128.0,305.39
6,531,14.0,26,32.0,24,63,32,0,512.0,2418.3
2,584,12.0,24,8.0,6,0,19,57,512.0,779.95
12,569,14.0,25,8.0,24,72,19,73,256.0,419.0
0,135,15.6,15,8.0,19,44,0,20,256.0,449.0
12,787,14.0,26,16.0,33,119,32,69,512.0,2466.99
1,581,15.6,26,16.0,19,44,7,0,512.0,1329.95
6,505,15.6,26,32.0,37,0,19,66,1000.0,1550.64
12,775,14.0,25,8.0,24,145,19,0,256.0,295.97
9,311,11.6,25,8.0,28,0,19,32,128.0,229.98
6,624,14.0,26,32.0,37,0,19,66,1000.0,1507.16
6,252,14.0,1,16.0,24,0,19,100,512.0,1599.0
9,715,15.6,26,16.0,24,150,7,0,1024.0,2199.0
6,275,13.0,26,16.0,24,0,19,69,512.0,1047.29
6,653,15.6,26,16.0,24,0,7,56,1000.0,949.95
6,117,14.0,26,32.0,37,0,7,116,1000.0,2293.99
0,96,14.0,2,32.0,4,13,19,49,256.0,359.92
17,864,17.3,26,16.0,24,70,7,0,512.0,1799.0
6,885,13.0,25,16.0,37,0,19,66,512.0,1295.53
6,647,17.3,26,32.0,24,13,19,0,1024.0,1778.99
0,607,14.0,2,4.0,4,0,19,0,256.0,173.92
6,438,16.0,8,16.0,34,0,19,4,1000.0,913.99
6,507,13.3,25,16.0,42,13,0,50,500.0,289.95
3,846,15.6,25,8.0,33,84,0,69,512.0,723.16
6,508,14.0,25,16.0,24,14,32,0,512.0,1680.46
6,333,16.0,26,16.0,34,0,19,116,1000.0,1689.0
11,464,13.3,25,8.0,42,0,19,48,128.0,289.95
6,464,14.0,26,32.0,37,0,19,161,512.0,1295.03
3,152,14.0,5,4.0,32,0,19,75,128.0,319.99
6,401,14.0,26,12.0,22,48,19,0,512.0,899.0
6,58,15.6,25,8.0,24,0,7,0,256.0,1099.81
17,236,17.3,26,32.0,33,0,7,90,1024.0,3449.0
6,491,14.0,25,16.0,19,0,19,0,128.0,1099.95
17,663,15.6,25,16.0,24,152,7,0,512.0,1349.0
6,444,16.0,26,32.0,24,160,19,0,2000.0,1091.99
6,858,16.0,26,16.0,37,0,7,114,1000.0,1166.97
6,325,15.6,15,32.0,22,44,7,0,1024.0,1429.99
12,556,15.6,12,8.0,19,0,7,9,256.0,499.0
12,756,14.0,25,8.0,24,0,19,76,256.0,699.99
6,896,13.4,26,16.0,24,0,19,0,512.0,1899.0
0,219,14.0,8,16.0,4,62,71,10,256.0,999.99
9,613,15.6,5,8.0,33,136,19,74,256.0,439.0
12,559,11.6,12,4.0,4,0,7,15,256.0,244.97
6,623,15.6,25,16.0,24,14,90,0,256.0,1094.13
12,574,13.3,25,8.0,22,0,0,0,256.0,536.89
6,623,15.6,25,16.0,24,14,90,0,256.0,1653.74
6,651,17.3,26,32.0,37,0,7,147,1000.0,1688.99
0,96,11.6,2,4.0,4,0,19,74,64.0,246.39
3,917,13.3,26,16.0,24,133,19,0,512.0,769.99
9,391,11.6,25,8.0,19,0,0,0,512.0,720.915
6,623,14.0,25,16.0,37,14,32,69,256.0,671.84
6,489,14.0,25,16.0,24,6,19,0,512.0,610.68
0,620,15.6,26,16.0,22,0,7,107,512.0,2299.0
12,123,14.0,15,4.0,34,0,19,10,128.0,248.0
9,311,11.6,25,8.0,28,0,19,32,512.0,249.98
9,60,14.0,26,16.0,24,0,19,67,256.0,989.99
1,173,15.6,26,16.0,22,11,7,0,512.0,1699.95
6,325,15.6,15,16.0,22,44,7,0,512.0,1332.99
6,483,13.3,25,16.0,37,0,19,66,256.0,750.74
6,279,15.6,26,32.0,34,0,7,114,512.0,2389.99
17,821,15.66,27,32.0,34,0,7,0,128.0,1599.0
17,717,15.6,27,32.0,34,0,7,117,128.0,1699.0
12,412,15.6,2,4.0,19,31,19,0,500.0,248.88
6,641,15.6,26,16.0,24,13,7,0,512.0,1699.95
6,335,15.6,25,8.0,19,0,7,98,512.0,989.0
24,198,13.0,25,16.0,22,0,19,47,500.0,595.97
6,648,17.3,26,16.0,24,160,54,0,256.0,1799.95
6,473,14.0,25,8.0,27,0,19,32,256.0,254.98
6,498,15.6,26,32.0,24,160,19,0,512.0,1603.27
6,512,13.0,25,8.0,34,160,19,0,256.0,750.74
6,545,14.0,26,16.0,37,0,19,66,512.0,1646.99
6,330,15.6,8,16.0,37,0,7,116,1000.0,1488.13
6,73,14.0,26,16.0,24,138,19,76,256.0,1549.0
6,512,13.0,25,8.0,37,160,19,0,128.0,750.74
9,374,15.6,8,16.0,34,54,19,10,512.0,999.99
6,464,14.0,25,16.0,37,0,19,69,512.0,801.99
6,419,15.6,24,4.0,45,0,19,51,500.0,259.0
6,473,14.0,25,16.0,27,0,19,32,256.0,276.98
6,464,14.0,25,16.0,24,0,19,69,256.0,836.99
6,541,15.6,25,16.0,15,0,19,32,256.0,269.98
6,505,15.6,26,32.0,37,0,19,66,1000.0,1641.99
6,858,16.0,26,16.0,37,0,19,114,2000.0,1359.21
12,569,12.5,26,8.0,43,137,19,0,256.0,469.99
3,848,15.6,25,8.0,22,133,19,0,512.0,1199.0
6,481,13.3,26,16.0,37,160,19,0,1000.0,890.99
2,588,13.3,25,8.0,6,0,19,37,128.0,689.95
6,889,15.6,26,16.0,24,160,42,0,512.0,2604.98
3,693,15.6,26,16.0,22,0,7,106,1024.0,2799.0
9,459,17.0,25,8.0,33,13,19,69,256.0,589.0
6,327,15.6,26,16.0,34,0,7,114,512.0,1094.99
6,871,15.6,27,32.0,22,0,7,114,1024.0,2193.98
17,593,14.0,24,8.0,34,119,19,0,128.0,535.88
6,623,14.0,26,32.0,24,14,96,154,512.0,2220.88
6,428,15.6,25,16.0,24,0,19,72,1024.0,656.85
6,419,14.0,26,16.0,34,70,19,0,512.0,861.48
6,333,16.0,26,16.0,34,0,19,114,512.0,1183.99
6,271,17.0,26,32.0,24,0,7,141,1024.0,2905.39
12,206,11.6,2,4.0,4,137,19,49,256.0,407.88
3,813,13.3,25,1.0,24,28,19,0,512.0,1499.0
6,246,15.6,25,8.0,22,44,19,0,256.0,660.0
2,587,14.0,16,32.0,6,0,19,0,1024.0,2611.35
6,878,13.3,25,8.0,22,0,19,76,128.0,1179.81
6,122,17.3,27,32.0,34,0,7,120,2000.0,2923.99
0,101,14.0,15,16.0,19,70,7,0,1024.0,999.0
6,257,15.0,26,16.0,24,0,19,69,512.0,1715.99
3,692,17.3,26,16.0,22,0,7,92,1000.0,2299.0
6,252,14.0,26,16.0,24,13,19,69,512.0,1457.0
6,540,14.1,25,4.0,39,101,19,0,160.0,149.95
6,333,16.0,27,32.0,37,0,19,117,1000.0,1887.62
3,353,15.6,1,16.0,24,0,22,92,1256.0,1999.0
6,488,14.0,25,8.0,4,13,19,0,128.0,286.43
12,738,14.0,7,16.0,33,14,71,10,256.0,849.0
6,490,14.0,25,16.0,24,160,19,0,512.0,808.55
6,434,14.0,8,16.0,37,48,19,0,512.0,799.99
6,70,14.0,26,16.0,24,0,19,0,256.0,1899.0
6,508,14.0,26,32.0,24,14,30,0,512.0,1225.48
12,907,14.0,26,8.0,19,44,19,62,256.0,1299.0
17,347,15.6,26,32.0,22,13,7,140,128.0,3299.0
9,389,14.0,25,8.0,19,0,19,72,256.0,586.14
12,779,14.0,26,8.0,30,0,7,58,256.0,299.0
6,260,13.0,25,16.0,24,9,19,0,256.0,738.79
6,651,17.3,26,32.0,37,0,7,147,1000.0,1689.18
12,738,14.0,7,8.0,33,14,71,10,256.0,799.0
6,649,17.3,26,32.0,37,160,63,0,2000.0,2992.63
9,914,16.0,26,32.0,37,14,14,129,1024.0,1548.38
6,520,14.0,25,8.0,24,0,19,0,1024.0,889.99
6,277,15.6,26,32.0,24,0,7,96,1024.0,1399.95
6,122,17.3,27,32.0,34,0,7,120,1000.0,2738.99
12,569,14.0,25,8.0,24,0,19,76,320.0,499.0
6,884,13.3,25,8.0,22,160,19,0,256.0,656.52
6,532,13.3,26,32.0,37,0,19,66,1000.0,1685.69
12,731,14.0,25,4.0,39,101,19,24,320.0,119.0
6,858,16.0,26,24.0,24,0,19,113,1000.0,1245.99
7,130,15.0,32,32.0,22,13,7,0,512.0,1199.99
6,431,15.6,8,8.0,34,0,19,4,256.0,409.0
12,772,15.6,26,16.0,33,14,11,0,512.0,2130.16
12,753,14.0,26,16.0,33,14,97,72,512.0,1615.85
3,686,15.6,26,16.0,22,0,7,156,512.0,1229.99
6,252,14.0,26,16.0,24,0,19,76,512.0,1274.77
6,279,15.6,26,16.0,37,0,7,114,512.0,1637.99
12,787,14.0,26,16.0,33,119,32,69,512.0,2069.66
11,289,14.0,25,8.0,19,44,19,47,256.0,133.55
6,469,13.3,24,4.0,42,125,19,51,500.0,198.98
12,568,13.3,26,16.0,24,0,19,72,512.0,999.99
6,493,14.0,26,32.0,37,0,19,66,1000.0,1046.99
9,283,13.5,26,16.0,37,64,32,69,512.0,2742.99
6,252,12.0,26,8.0,24,0,19,55,1024.0,899.99
12,737,13.3,25,8.0,37,0,19,38,256.0,1049.0
6,536,15.0,26,16.0,24,0,19,36,512.0,1046.99
6,329,15.6,27,16.0,34,0,19,118,1000.0,1827.99
6,891,15.6,27,32.0,34,0,7,125,2000.0,2772.99
1,679,15.6,26,16.0,19,13,19,0,512.0,2699.0
6,246,14.0,26,16.0,19,40,19,0,256.0,988.99
12,866,12.5,25,4.0,42,72,19,0,128.0,899.99
6,500,15.6,25,16.0,37,160,19,0,256.0,843.99
6,890,15.6,26,16.0,37,0,7,113,512.0,1657.99
6,529,15.6,25,16.0,24,160,19,0,512.0,1102.99
6,503,15.6,26,32.0,37,0,19,66,2000.0,2498.23
6,474,15.6,25,16.0,24,0,19,69,256.0,877.99
6,207,11.6,2,4.0,4,14,18,47,256.0,195.97
9,383,15.6,26,16.0,19,13,7,0,512.0,1999.0
6,122,17.3,27,32.0,34,0,7,120,1000.0,2931.99
12,569,14.0,26,24.0,24,26,19,0,1024.0,1599.0
13,8,14.0,26,16.0,34,124,19,0,1024.0,1635.99
6,117,14.0,26,32.0,37,0,7,116,2000.0,2076.4
6,481,13.3,25,16.0,37,160,19,0,256.0,731.97
12,753,14.0,25,8.0,33,14,97,72,256.0,1059.0
6,545,14.0,25,16.0,37,0,19,66,512.0,1354.99
6,532,13.3,26,16.0,37,0,19,66,512.0,1540.99
12,53,13.0,26,32.0,37,0,19,0,512.0,2729.0
12,569,17.3,26,32.0,18,44,19,0,512.0,2273.0
6,464,15.6,26,8.0,37,13,19,69,512.0,1703.99
21,343,15.6,26,16.0,34,43,7,115,1024.0,2388.42
1,174,15.6,26,16.0,22,13,7,92,1000.0,1799.95
6,480,13.3,25,8.0,24,160,19,0,1000.0,756.99
6,438,16.0,8,16.0,37,0,19,4,512.0,702.99
12,743,14.0,25,8.0,19,48,22,41,256.0,374.99
12,3,13.3,7,8.0,37,119,71,10,256.0,859.0
6,428,15.6,25,32.0,34,0,19,72,1024.0,678.08
6,464,14.0,25,16.0,37,115,19,0,512.0,841.99
6,500,15.6,26,16.0,37,160,19,0,512.0,1347.47
6,467,13.3,25,16.0,34,160,19,0,256.0,730.99
6,525,14.0,26,16.0,37,0,19,66,1000.0,941.99
12,763,15.6,26,32.0,24,14,86,0,1024.0,2603.0
6,430,15.6,15,8.0,24,0,19,10,256.0,976.99
6,879,15.6,30,32.0,24,61,7,96,1024.0,1599.95
6,887,13.4,26,32.0,34,0,19,66,2000.0,1350.99
12,745,15.6,26,24.0,37,0,19,69,1000.0,1094.99
6,622,15.6,26,16.0,19,0,7,160,512.0,1399.95
6,435,14.0,8,16.0,34,0,19,4,512.0,800.19
19,178,15.6,26,16.0,22,44,77,128,512.0,3099.0
6,855,15.6,25,8.0,37,0,19,66,256.0,628.99
9,372,14.0,3,1.0,19,0,19,67,1024.0,1194.77
6,117,14.0,26,16.0,34,0,7,116,1000.0,2086.99
6,282,15.6,26,16.0,22,0,7,92,512.0,1799.0
12,557,17.3,6,8.0,19,23,19,0,128.0,686.9
3,155,15.6,26,16.0,24,0,73,108,1024.0,1999.99
6,250,16.0,8,32.0,34,0,19,10,1000.0,925.99
6,106,15.6,26,16.0,22,160,40,0,512.0,1499.95
3,915,14.0,25,8.0,22,0,19,72,512.0,1099.0
12,559,15.6,8,8.0,19,13,19,0,0.5,599.0
6,513,13.3,25,8.0,24,160,19,0,256.0,683.99
12,767,14.0,26,16.0,24,0,19,0,512.0,695.77
12,570,16.0,26,16.0,37,44,19,69,512.0,1799.0
6,175,17.3,26,16.0,22,0,7,139,1024.0,2395.0
0,188,15.6,2,4.0,4,0,19,64,32.0,258.9
6,256,15.6,25,32.0,24,0,7,69,1024.0,1038.28
3,688,15.6,9,32.0,24,0,15,120,1024.0,2099.99
6,438,16.0,8,32.0,34,0,19,4,1000.0,765.11
6,430,15.6,15,8.0,22,0,19,10,512.0,1012.99
6,529,15.6,25,16.0,37,160,19,0,512.0,1068.99
12,753,14.0,26,16.0,33,14,97,72,256.0,1220.99
6,525,14.0,26,32.0,37,0,19,66,1000.0,1773.99
6,500,15.6,25,32.0,37,160,19,0,2000.0,1031.99
6,438,16.0,8,32.0,37,0,19,4,512.0,911.99
6,466,15.6,26,8.0,24,14,32,0,256.0,919.99
6,516,13.3,25,16.0,37,0,19,66,256.0,692.99
6,273,13.3,1,16.0,24,0,19,0,256.0,1275.81
9,290,13.3,25,16.0,24,0,19,76,1024.0,1341.77
6,499,15.6,25,16.0,37,55,19,69,256.0,1690.99
17,720,14.0,26,16.0,37,0,19,69,512.0,936.79
17,355,15.6,26,32.0,22,0,7,117,1024.0,2699.0
6,500,15.6,25,32.0,37,0,19,66,512.0,1424.99
6,114,17.3,8,32.0,34,0,19,120,1000.0,2220.99
6,493,14.0,25,16.0,37,0,19,66,256.0,956.99
6,252,13.3,1,8.0,19,0,0,0,256.0,963.72
6,481,13.3,26,16.0,24,160,19,0,512.0,1102.99
6,506,15.6,26,8.0,28,0,19,32,256.0,368.98
6,649,17.3,26,32.0,24,160,62,0,512.0,1744.99
12,569,11.6,2,4.0,18,0,7,0,512.0,369.0
6,279,15.6,27,32.0,34,0,7,114,1024.0,2999.0
9,384,15.6,25,6.0,19,44,19,55,1024.0,399.0
9,296,15.6,7,16.0,24,14,71,10,512.0,1296.0
6,514,13.0,26,16.0,37,13,19,0,512.0,1999.0
6,482,13.3,26,16.0,37,13,19,69,512.0,1699.0
6,544,14.0,26,32.0,24,160,5,0,1000.0,1929.95
6,115,18.0,26,16.0,37,0,19,124,1000.0,2214.99
12,569,14.0,26,16.0,24,0,19,0,512.0,1099.0
6,630,17.0,26,16.0,33,14,86,145,512.0,2460.15
9,912,16.0,26,32.0,37,14,95,131,1024.0,2759.0
6,464,15.6,25,8.0,24,0,19,69,512.0,1293.59
6,333,16.0,27,16.0,34,0,7,116,1000.0,1799.0
9,42,11.6,1,2.0,12,3,19,49,1024.0,228.0
6,273,15.6,31,32.0,19,70,7,87,1024.0,1799.95
6,115,18.0,26,32.0,34,0,19,124,1000.0,2340.99
9,372,13.3,26,16.0,2,0,19,78,256.0,2499.0
6,512,13.0,26,16.0,34,160,19,0,256.0,1030.99
9,293,15.6,1,8.0,24,0,7,0,256.0,1699.0
6,651,17.3,25,16.0,37,0,19,66,256.0,1657.21
17,662,15.6,26,16.0,13,68,7,96,1024.0,928.68
6,853,15.6,25,16.0,24,13,19,0,512.0,751.06
3,815,14.0,26,16.0,22,131,7,0,512.0,1799.0
12,744,14.0,25,8.0,37,14,32,69,256.0,949.0
6,546,11.6,25,16.0,24,160,19,0,256.0,1159.95
12,569,13.3,26,16.0,24,0,19,72,512.0,1799.0
6,484,13.3,25,8.0,37,0,19,66,256.0,658.99
6,442,14.0,26,16.0,34,0,19,66,512.0,787.99
6,630,14.0,26,16.0,24,118,85,144,512.0,2508.39
9,375,13.3,26,8.0,22,72,19,76,256.0,1399.0
6,648,17.3,26,32.0,24,160,54,0,1000.0,1799.95
6,623,15.6,26,16.0,24,128,0,0,1024.0,1790.16
6,464,15.6,26,16.0,37,42,19,0,1024.0,1169.77
6,429,15.6,25,8.0,34,160,19,0,256.0,533.02
12,48,14.0,25,4.0,21,48,22,0,256.0,750.0
6,895,13.4,26,32.0,22,0,19,79,512.0,1799.0
9,308,16.0,25,16.0,37,14,32,69,256.0,1764.96
6,467,13.3,25,8.0,37,160,19,0,512.0,730.99
6,506,15.6,26,16.0,28,0,19,32,512.0,412.98
0,655,15.6,26,16.0,24,130,13,0,1024.0,1829.99
6,471,14.0,25,8.0,37,160,19,0,256.0,672.99
9,372,14.0,26,16.0,24,0,19,0,512.0,2799.0
6,643,15.6,27,32.0,24,160,66,0,1000.0,4000.0
3,359,15.6,26,16.0,19,29,7,0,1024.0,2299.0
9,300,12.5,25,16.0,27,0,19,32,1000.0,322.98
17,357,17.3,26,32.0,22,0,7,109,1024.0,3399.0
0,99,15.6,8,8.0,22,0,7,18,256.0,1399.0
6,516,13.3,26,16.0,37,0,19,66,256.0,843.99
6,246,15.6,2,8.0,19,0,19,72,256.0,877.99
6,325,15.6,8,32.0,22,12,7,0,1024.0,1429.99
6,649,17.3,26,32.0,24,160,19,0,1000.0,1778.99
6,819,15.6,26,16.0,19,0,19,69,512.0,943.69
12,559,14.0,5,4.0,19,0,19,60,500.0,377.91
3,818,15.6,26,8.0,22,133,7,0,512.0,1999.0
6,419,15.6,25,16.0,34,0,19,69,1024.0,649.99
6,442,14.0,26,16.0,37,0,19,66,512.0,823.99
22,583,17.3,26,32.0,19,0,7,27,1024.0,2299.95
6,522,14.0,25,16.0,24,160,19,0,256.0,1056.99
9,307,14.0,26,16.0,27,0,19,32,1000.0,319.98
12,709,16.0,26,16.0,37,109,7,0,1024.0,1304.1
3,695,17.3,26,16.0,24,0,7,109,1024.0,3399.0
6,68,14.0,25,8.0,24,72,19,0,256.0,1499.0
6,74,14.0,25,8.0,24,0,19,35,256.0,899.95
6,425,15.6,25,32.0,34,0,19,72,1024.0,975.0
9,392,15.6,26,16.0,33,0,19,69,1024.0,2199.0
6,503,15.6,26,16.0,37,0,19,66,256.0,1162.99
8,372,14.0,26,32.0,24,13,19,0,256.0,2699.0
6,112,16.0,27,16.0,34,0,7,126,1000.0,2720.99
6,494,14.0,26,32.0,37,0,19,66,512.0,1009.99
3,160,15.6,25,8.0,19,49,7,0,512.0,1199.0
6,59,15.6,24,16.0,34,13,19,72,256.0,508.99
9,712,16.0,26,16.0,34,52,19,0,1024.0,1351.42
9,64,14.0,2,4.0,4,0,19,49,32.0,473.22
6,252,15.6,26,32.0,24,13,19,0,512.0,1764.99
6,246,15.6,2,16.0,22,0,28,72,1024.0,919.99
15,825,17.3,26,32.0,19,0,7,120,1024.0,2000.07
6,252,13.3,25,8.0,24,0,19,67,256.0,680.0
6,633,15.6,26,16.0,24,160,55,0,512.0,2500.0
6,252,15.6,25,8.0,24,72,19,76,500.0,959.99
13,28,16.0,26,16.0,37,0,19,0,1024.0,1299.99
6,246,16.0,26,32.0,22,48,0,0,500.0,1599.0
6,276,13.3,26,8.0,22,0,19,76,1000.0,1087.37
6,512,13.0,26,16.0,24,160,19,0,128.0,1568.39
17,454,15.6,26,16.0,34,0,7,116,1024.0,1299.0
6,525,14.0,26,32.0,37,0,19,66,512.0,1513.99
6,627,15.6,25,16.0,37,0,19,66,512.0,975.99
6,334,16.0,27,32.0,34,0,7,125,1000.0,1681.34
6,481,13.3,26,32.0,24,160,19,0,2000.0,1074.99
0,673,15.6,26,16.0,22,0,7,109,512.0,3399.0
6,430,15.6,7,12.0,37,13,19,0,256.0,981.99
6,477,13.3,26,16.0,24,14,32,69,512.0,1273.99
6,651,17.3,26,32.0,37,0,7,144,2000.0,2359.99
6,513,13.3,26,32.0,37,160,19,0,1000.0,966.99
12,749,15.6,26,16.0,19,0,19,76,512.0,749.95
6,464,15.6,25,32.0,24,44,19,0,1024.0,1499.0
17,723,15.6,26,16.0,24,152,7,0,1024.0,1799.0
6,110,15.6,27,16.0,34,0,19,120,512.0,2192.99
22,582,15.6,9,32.0,33,0,7,117,1024.0,1479.0
17,239,15.6,26,16.0,34,0,7,124,1024.0,2199.0
12,902,15.6,25,8.0,22,48,19,0,512.0,714.0
3,694,15.6,26,16.0,24,0,7,111,512.0,3499.99
0,93,13.3,4,4.0,4,0,19,158,64.0,209.99
6,637,17.0,26,32.0,24,160,61,0,512.0,2188.3
6,252,14.0,26,16.0,24,0,19,69,512.0,1195.0
6,65,14.0,26,16.0,24,0,19,62,256.0,1725.99
6,630,15.6,27,32.0,24,118,86,145,1024.0,3395.19
12,81,14.0,26,16.0,33,48,19,0,512.0,869.99
6,464,14.0,24,8.0,37,14,97,72,256.0,724.99
6,464,14.0,26,16.0,37,119,19,0,512.0,1681.96
6,630,15.6,25,8.0,24,118,85,0,256.0,1385.56
6,898,13.3,26,16.0,22,48,19,0,256.0,1299.99
6,464,14.0,25,16.0,37,44,19,0,1024.0,1222.99
6,525,14.0,25,16.0,37,0,19,66,256.0,980.99
6,648,17.3,26,32.0,37,160,54,0,512.0,1744.99
6,883,13.3,25,8.0,24,160,19,0,1000.0,1199.81
6,578,13.3,26,16.0,24,13,19,0,256.0,1493.99
6,697,14.0,26,16.0,24,44,19,102,512.0,2099.0
6,422,15.6,25,8.0,19,0,19,28,1024.0,899.81
6,443,14.0,26,8.0,34,0,19,66,512.0,899.99
12,559,15.6,25,8.0,19,13,19,0,256.0,550.0
6,887,13.4,26,16.0,37,0,19,66,1000.0,1304.99
12,787,14.0,25,16.0,33,119,32,69,256.0,1339.24
0,477,14.0,25,16.0,24,14,32,69,256.0,925.0
12,796,14.0,7,8.0,22,0,19,21,256.0,699.0
12,569,15.6,26,16.0,24,44,19,137,512.0,1799.99
6,471,14.0,24,16.0,37,160,19,0,256.0,627.99
7,337,15.6,32,16.0,22,13,7,0,512.0,698.25
6,68,14.0,26,16.0,24,72,19,0,256.0,1185.77
12,552,15.6,26,16.0,22,0,7,108,512.0,2499.0
3,168,15.6,2,4.0,43,0,19,47,500.0,380.09
6,511,13.3,25,8.0,24,160,19,0,256.0,783.16
6,544,14.0,25,16.0,22,160,19,0,256.0,1299.95
6,508,14.0,26,16.0,24,14,32,0,512.0,1985.86
13,40,17.0,24,8.0,22,70,19,0,256.0,1099.0
6,481,13.3,26,16.0,37,160,19,0,256.0,807.99
6,531,14.0,25,16.0,24,14,32,0,256.0,1050.66
6,528,14.0,25,32.0,37,0,19,66,512.0,1238.73
6,890,15.6,26,32.0,34,0,7,113,1000.0,1680.99
6,437,16.0,26,16.0,34,0,19,66,1000.0,931.99
6,441,14.0,8,8.0,34,160,2,0,512.0,633.99
6,649,17.3,26,32.0,24,160,63,0,512.0,2891.99
6,261,13.0,26,16.0,33,0,19,69,256.0,749.99
6,622,15.6,26,8.0,23,44,7,0,256.0,1299.81
6,464,14.0,25,16.0,37,0,19,69,1024.0,834.99
6,513,13.3,26,16.0,37,160,19,0,512.0,781.99
12,743,14.0,25,8.0,24,65,19,0,256.0,1999.0
6,513,13.3,25,16.0,24,160,19,0,512.0,708.99
9,18,15.6,26,16.0,24,44,19,0,512.0,979.0
6,252,14.1,26,8.0,24,0,19,76,512.0,389.0
17,821,15.66,27,32.0,34,0,7,0,32.0,1599.0
17,717,15.6,27,32.0,34,0,7,117,32.0,1699.0
6,258,14.0,26,16.0,24,13,19,0,256.0,524.0
12,569,15.6,26,16.0,24,48,7,133,256.0,422.0
9,392,13.3,26,16.0,22,72,19,0,1024.0,2499.0
9,290,13.3,25,16.0,24,0,19,76,1024.0,2299.0
12,569,14.0,26,16.0,24,145,19,0,512.0,1102.77
6,250,16.0,8,32.0,37,0,19,10,2000.0,989.99
23,463,11.6,20,4.0,19,0,19,38,64.0,229.0
12,774,14.0,25,8.0,39,0,19,29,500.0,399.0
6,122,17.3,27,32.0,37,0,7,122,1000.0,2799.95
6,890,15.6,26,16.0,37,0,7,114,2000.0,1752.99
6,871,17.0,26,32.0,19,20,9,0,512.0,2599.0
6,627,15.6,26,16.0,37,0,19,66,512.0,1005.99
6,494,14.0,25,16.0,37,0,19,66,512.0,959.99
9,613,15.0,26,32.0,37,51,19,0,1024.0,1299.0
6,252,15.6,25,8.0,24,0,19,76,1000.0,210.0
6,872,13.3,26,8.0,43,0,7,58,256.0,999.0
6,871,13.3,25,8.0,19,48,19,0,256.0,899.81
12,743,15.6,26,16.0,37,44,19,0,512.0,1047.99
3,845,13.3,25,4.0,22,57,19,72,512.0,1299.0
6,500,15.6,25,16.0,24,160,19,0,256.0,877.99
6,513,13.3,25,8.0,24,160,19,0,512.0,1217.99
9,386,16.1,26,32.0,24,13,7,0,2000.0,2299.0
6,264,15.0,25,16.0,24,0,19,69,256.0,1359.99
6,637,17.0,26,32.0,24,160,62,0,1000.0,3130.48
6,886,13.4,26,16.0,34,0,19,66,512.0,1041.99
9,383,15.6,8,16.0,22,22,7,0,512.0,1999.0
9,703,13.3,26,16.0,24,0,19,76,512.0,2499.0
12,738,14.0,8,16.0,33,14,71,10,512.0,835.99
6,438,16.0,8,16.0,34,0,19,4,1000.0,853.99
9,311,11.6,25,8.0,28,0,19,32,128.0,218.98
12,771,15.6,26,16.0,37,14,8,0,1024.0,2229.07
7,86,15.6,9,16.0,34,32,7,0,512.0,1749.0
6,510,13.0,25,16.0,24,160,19,0,512.0,764.99
6,272,17.0,26,32.0,24,0,7,149,1024.0,1778.99
12,862,15.6,26,16.0,42,0,22,50,500.0,377.3
9,390,15.6,25,16.0,24,0,19,67,128.0,899.0
6,268,15.0,26,32.0,24,0,7,155,1024.0,973.99
6,643,15.6,26,32.0,37,160,19,0,1000.0,2061.99
9,912,16.0,26,16.0,37,14,95,131,512.0,1695.41
0,216,11.6,14,4.0,4,39,1,0,32.0,529.53
6,887,13.4,26,32.0,37,0,19,66,2000.0,1350.99
6,465,15.6,25,4.0,42,13,22,0,500.0,260.0
6,330,15.6,8,16.0,34,0,7,116,1000.0,1386.99
9,713,13.5,26,16.0,37,98,19,0,512.0,2199.0
6,274,13.0,26,16.0,24,141,19,0,256.0,999.99
6,330,15.6,8,16.0,37,0,7,116,512.0,1303.23
6,522,14.0,26,32.0,24,160,19,0,512.0,1783.99
12,755,15.6,25,8.0,37,14,32,0,256.0,1033.23
6,419,15.6,2,16.0,37,0,19,72,1024.0,888.99
17,665,15.6,26,32.0,24,152,19,0,32.0,2699.0
13,20,15.6,25,8.0,24,47,19,68,256.0,1349.0
12,754,15.6,25,8.0,33,14,97,72,256.0,1188.2
17,233,16.0,26,16.0,14,0,7,116,1024.0,1979.0
6,273,15.6,27,16.0,24,0,7,142,1024.0,1999.0
6,241,15.0,24,8.0,24,0,19,72,256.0,860.99
6,500,15.6,26,32.0,24,160,19,0,2000.0,2393.99
6,544,14.0,26,32.0,24,160,5,0,1000.0,1599.99
6,493,14.0,25,16.0,34,0,19,66,512.0,913.99
6,493,14.0,26,32.0,37,0,19,66,512.0,998.99
6,278,15.6,27,16.0,24,0,7,132,512.0,2753.99
6,857,14.0,26,16.0,24,160,19,0,512.0,915.99
6,262,14.0,25,16.0,24,0,19,72,512.0,801.99
6,270,15.6,27,32.0,24,0,7,143,1024.0,2499.95
1,103,15.6,25,8.0,43,0,7,99,1024.0,999.95
6,252,15.6,29,16.0,19,121,19,80,256.0,399.0
1,105,15.6,26,16.0,22,0,7,97,512.0,1199.95
6,598,13.3,25,8.0,24,0,19,0,256.0,1499.0
6,252,14.0,26,8.0,26,0,19,0,512.0,2499.0
12,757,15.6,26,16.0,24,0,7,134,512.0,1999.0
9,376,13.3,25,8.0,19,44,19,0,128.0,399.99
21,699,11.6,28,2.0,4,13,19,0,16.0,169.0
12,569,15.6,1,16.0,24,0,7,42,512.0,1798.95
3,341,15.6,8,16.0,24,0,7,156,1024.0,2299.0
6,252,14.0,25,8.0,24,0,19,38,256.0,764.99
6,489,14.0,25,16.0,24,13,19,69,512.0,1182.71
6,874,13.3,26,16.0,22,0,19,0,256.0,1799.0
9,909,17.3,26,16.0,27,0,19,32,500.0,401.98
3,814,12.5,25,8.0,19,96,19,47,256.0,999.0
6,481,13.3,25,16.0,37,160,19,0,1000.0,797.99
9,390,13.0,15,8.0,19,0,19,10,500.0,1099.0
12,402,15.6,24,8.0,19,13,19,0,128.0,499.99
3,160,15.6,12,8.0,22,133,7,102,256.0,1699.0
6,850,15.6,24,16.0,24,13,19,72,1024.0,797.99
3,846,15.6,26,12.0,22,133,19,77,512.0,1499.0
6,252,14.0,25,8.0,22,44,19,103,256.0,289.95
6,279,15.6,26,16.0,34,0,7,114,512.0,1637.99
6,500,15.6,26,16.0,24,160,19,0,256.0,1465.99
12,758,16.0,26,32.0,24,14,86,0,1024.0,2795.4
6,532,13.3,26,16.0,37,0,19,0,512.0,2099.0
6,280,17.0,26,16.0,37,0,7,113,512.0,2145.99
9,309,16.0,8,16.0,37,14,70,8,256.0,1646.99
6,122,17.3,26,32.0,34,0,7,118,1000.0,2614.99
7,131,15.6,32,32.0,22,0,7,121,1024.0,2399.0
17,354,15.6,26,16.0,22,0,7,98,512.0,1999.0
1,176,17.3,26,16.0,22,0,7,106,512.0,2499.0
3,812,13.3,25,12.0,19,48,19,55,256.0,1499.0
6,336,15.6,26,16.0,19,44,7,0,1024.0,1699.0
6,528,14.0,26,16.0,37,160,19,0,512.0,1472.99
9,369,15.6,5,8.0,4,126,19,0,64.0,289.99
6,527,14.0,26,16.0,37,160,19,0,1000.0,1796.99
6,855,15.6,26,16.0,24,160,19,0,512.0,943.69
20,751,13.3,26,16.0,37,77,19,0,1000.0,749.99
6,852,14.0,26,8.0,37,160,19,0,512.0,789.42
6,887,13.4,26,16.0,34,160,19,0,512.0,1647.3
9,801,17.3,8,12.0,34,136,19,0,512.0,713.49
6,328,15.6,27,16.0,37,116,7,0,1024.0,1828.44
6,894,17.0,27,16.0,34,0,19,125,512.0,2461.99
6,494,14.0,26,8.0,37,0,19,66,256.0,928.99
6,110,15.6,27,32.0,34,0,7,120,1000.0,2432.42
6,330,15.6,8,32.0,34,0,7,114,2000.0,1409.99
6,419,15.6,25,32.0,34,0,19,69,1024.0,739.99
17,349,17.3,26,16.0,22,0,7,106,1024.0,1999.0
9,312,14.0,26,16.0,37,0,19,69,1024.0,2799.0
6,110,15.6,27,16.0,34,0,19,118,2000.0,2420.17
6,464,15.6,25,8.0,37,0,19,69,1024.0,885.99
6,887,13.4,26,32.0,37,0,19,66,1000.0,1865.99
16,727,12.4,25,8.0,19,71,19,0,256.0,689.99
6,500,15.6,25,32.0,37,160,19,0,256.0,910.99
12,79,15.6,24,8.0,24,0,19,72,512.0,549.99
25,609,13.0,26,16.0,34,0,22,62,1024.0,1219.99
6,119,15.6,27,32.0,37,0,19,122,1000.0,3080.99
6,500,15.6,26,32.0,37,160,19,0,2000.0,2872.99
6,646,17.3,26,16.0,24,160,19,0,1000.0,2004.99
6,513,13.3,25,16.0,37,160,19,0,512.0,900.89
9,17,15.6,7,20.0,37,13,19,0,1024.0,889.99
6,646,17.3,26,32.0,24,160,54,0,1000.0,2808.99
6,640,17.3,26,32.0,24,14,88,147,512.0,3461.33
6,637,17.0,25,16.0,24,160,19,0,512.0,1929.99
6,892,17.0,26,16.0,24,160,41,0,1000.0,2178.99
6,889,15.6,26,32.0,24,160,42,0,512.0,1999.99
6,510,13.0,26,16.0,24,160,19,0,128.0,1606.99
12,284,15.6,25,8.0,24,0,19,15,32.0,290.98
9,365,15.6,5,4.0,19,136,19,0,500.0,449.99
19,178,15.6,26,16.0,19,0,7,112,512.0,3299.99
9,392,13.3,26,8.0,22,0,19,68,512.0,1899.0
21,700,11.6,2,4.0,4,0,19,49,16.0,289.0
12,559,14.0,2,2.0,19,44,19,53,32.0,239.0
6,251,11.6,12,4.0,22,13,7,0,32.0,299.0
1,104,17.0,26,16.0,22,0,7,107,512.0,1699.95
3,352,17.3,26,16.0,22,0,7,94,1000.0,2299.0
9,360,15.6,26,16.0,22,48,19,0,512.0,1999.0
1,105,15.6,26,16.0,22,13,7,0,128.0,1599.95
3,847,15.6,25,8.0,22,133,19,77,256.0,1399.0
6,464,15.6,25,16.0,24,0,19,69,1024.0,1373.29
17,348,17.3,26,32.0,22,0,19,117,32.0,4299.0
6,273,17.0,26,32.0,19,0,7,116,1024.0,2897.0
1,103,15.6,26,8.0,22,44,19,93,1024.0,2099.0
6,273,15.6,26,32.0,22,6,22,91,256.0,849.95
12,559,11.6,2,32.0,19,0,19,49,32.0,320.0
17,661,15.6,26,16.0,24,32,7,0,512.0,2399.0
12,576,15.6,24,8.0,19,0,19,76,1024.0,458.8
9,360,14.0,24,4.0,22,0,19,76,128.0,439.0
3,351,17.3,26,16.0,22,0,7,92,1000.0,1999.0
12,49,11.6,2,8.0,30,0,19,55,128.0,224.99
3,169,13.9,1,16.0,24,0,7,101,512.0,1699.0
2,589,15.4,26,8.0,6,0,22,37,256.0,1649.95
12,549,15.6,26,32.0,19,0,0,0,128.0,2499.0
3,816,14.0,1,16.0,24,157,19,0,512.0,1599.0
9,608,15.6,26,16.0,22,13,7,0,512.0,1999.0
9,392,15.6,26,16.0,24,0,7,87,1024.0,2399.0
3,921,15.6,26,16.0,24,133,7,0,512.0,2399.0
12,564,15.6,26,32.0,34,0,7,114,1024.0,2299.0
2,585,13.0,25,8.0,8,0,19,59,128.0,1248.0
6,873,13.3,25,8.0,19,0,25,62,128.0,724.81
12,319,15.6,26,8.0,19,0,7,1,512.0,659.9
3,919,15.6,26,8.0,24,70,7,0,256.0,1499.0
12,569,14.0,3,8.0,19,25,19,62,512.0,499.0
6,871,15.6,26,32.0,22,48,7,0,1024.0,1799.81
6,246,15.6,25,32.0,22,0,19,69,256.0,745.99
12,783,15.6,26,16.0,24,0,7,88,512.0,2299.0
9,368,15.6,12,8.0,23,101,7,0,128.0,429.99
6,652,17.0,26,32.0,37,160,57,0,512.0,2902.9
6,436,15.6,26,16.0,37,160,19,0,1000.0,1071.0
6,639,17.0,27,16.0,37,160,62,0,1000.0,3164.87
6,894,17.0,26,16.0,34,160,47,0,512.0,2528.85
6,858,16.0,26,40.0,34,160,41,0,1000.0,1281.52
6,652,17.0,26,32.0,37,160,60,0,512.0,2624.08
6,116,18.0,8,32.0,34,160,51,0,512.0,3072.76
6,496,14.0,26,16.0,34,160,7,0,512.0,1552.3
6,112,16.0,27,16.0,34,160,49,0,1000.0,2528.9
6,503,15.6,26,32.0,34,160,7,0,1000.0,1996.29
6,858,16.0,26,24.0,22,160,42,0,1000.0,1251.66
6,503,15.6,25,32.0,34,160,19,0,2000.0,1032.65
6,496,14.0,26,32.0,34,160,7,0,1000.0,1670.17
6,494,14.0,25,16.0,34,160,19,0,1000.0,1066.53
6,441,14.0,8,8.0,37,160,2,0,256.0,577.49
6,472,14.0,25,16.0,37,160,19,0,1000.0,871.03
6,528,14.0,26,16.0,34,160,19,0,256.0,1312.82
6,503,15.6,26,32.0,34,160,19,0,2000.0,2548.37
6,503,15.6,25,4.0,34,160,7,0,128.0,1898.56
6,471,14.0,25,8.0,34,160,19,0,256.0,633.42
6,518,13.3,26,32.0,37,160,19,0,1000.0,1715.63
6,468,13.3,24,4.0,37,160,19,0,1000.0,554.04
6,651,17.3,26,16.0,34,160,62,0,512.0,2817.15
6,116,18.0,8,32.0,34,160,49,0,1000.0,2200.53
6,496,14.0,26,32.0,34,160,19,0,512.0,997.74
6,503,15.6,26,32.0,37,160,19,0,2000.0,2548.37
6,484,13.3,26,32.0,37,160,19,0,1000.0,1535.1
6,528,14.0,25,16.0,37,160,19,0,256.0,1420.42
6,644,16.0,26,16.0,34,160,61,0,1000.0,1782.43
6,113,16.0,8,16.0,37,160,6,0,1000.0,1811.42
6,517,13.3,26,32.0,37,160,19,0,256.0,1944.65
6,496,14.0,26,32.0,34,160,7,0,256.0,1589.67
6,858,16.0,26,40.0,22,160,42,0,2000.0,1366.7
6,116,18.0,8,16.0,34,160,51,0,512.0,2994.02
6,525,14.0,26,32.0,37,160,19,0,1000.0,1774.79
6,503,15.6,25,32.0,34,160,19,0,512.0,953.82
6,651,17.3,27,32.0,34,160,62,0,512.0,2815.3
6,855,15.6,26,16.0,22,160,19,0,1000.0,968.87
6,858,16.0,26,16.0,37,160,42,0,1000.0,11261.24
6,651,17.3,27,32.0,37,160,62,0,1000.0,2815.3
6,505,15.6,25,16.0,37,160,19,0,256.0,788.28
6,496,14.0,25,16.0,24,160,19,0,256.0,934.67
6,624,14.0,26,32.0,37,160,19,0,256.0,1096.11
6,496,14.0,26,32.0,34,160,19,0,512.0,1341.23
6,528,14.0,26,32.0,34,160,19,0,512.0,1238.73
6,894,17.0,26,16.0,34,160,47,0,512.0,2293.45
6,505,15.6,25,16.0,37,160,19,0,1000.0,1296.33
6,504,15.6,25,16.0,37,0,19,66,1000.0,1493.99
6,651,17.3,27,32.0,34,160,62,0,1000.0,2815.3
6,858,16.0,26,24.0,22,160,42,0,512.0,1201.13
6,858,16.0,26,16.0,22,160,19,0,512.0,1168.52
6,503,15.6,26,16.0,34,160,19,0,1000.0,2440.56
6,858,16.0,26,16.0,22,160,41,0,512.0,1168.52
6,858,16.0,26,24.0,22,160,41,0,1000.0,1246.6
6,858,16.0,26,40.0,34,160,42,0,1000.0,1297.89
6,505,15.6,25,16.0,37,160,19,0,512.0,1278.6
6,887,13.4,26,16.0,34,160,19,0,1000.0,1558.96
6,528,14.0,25,16.0,37,160,19,0,512.0,1230.13
6,652,17.0,26,16.0,37,160,59,0,512.0,2815.3
6,475,15.6,24,8.0,24,160,19,0,256.0,672.21
6,525,14.0,26,16.0,37,160,19,0,256.0,1345.97
6,858,16.0,26,24.0,22,160,41,0,512.0,1201.13
6,548,13.3,25,8.0,37,160,19,0,512.0,2031.8
6,628,15.6,26,32.0,37,160,52,0,512.0,2134.2
6,485,13.3,26,32.0,34,160,19,0,512.0,1507.9
6,486,13.3,25,16.0,37,0,19,66,256.0,1052.58
6,503,15.6,26,8.0,34,160,19,0,128.0,2467.69
6,885,13.0,25,16.0,37,160,19,0,512.0,1341.66
6,858,16.0,26,16.0,22,160,42,0,512.0,1168.52
6,437,16.0,26,16.0,22,160,19,0,512.0,961.9
6,858,16.0,26,40.0,34,160,42,0,2000.0,1359.21
6,858,16.0,26,24.0,34,160,42,0,1000.0,1244.23
6,858,16.0,26,24.0,34,160,41,0,512.0,1193.72
6,429,15.6,25,32.0,22,160,19,0,2000.0,796.78
6,429,15.6,25,32.0,22,160,19,0,256.0,673.09
6,429,15.6,25,32.0,22,160,19,0,512.0,689.33
6,427,15.6,2,16.0,34,160,19,0,128.0,903.92
6,500,15.6,25,32.0,34,160,19,0,1000.0,1902.99
6,500,15.6,26,16.0,22,160,19,0,2000.0,1823.99
6,429,15.6,25,16.0,22,160,19,0,2000.0,715.58
6,854,15.6,26,8.0,22,160,19,0,512.0,928.99
6,432,14.0,25,8.0,22,160,19,0,1000.0,841.21
6,429,15.6,25,8.0,22,160,19,0,2000.0,694.33
6,475,15.6,25,16.0,34,160,19,0,1000.0,948.19
6,501,15.6,25,16.0,22,160,19,0,256.0,1623.99
6,490,14.0,25,16.0,22,160,19,0,512.0,1186.99
6,429,15.6,25,16.0,22,160,19,0,256.0,645.61
6,490,14.0,25,16.0,22,160,19,0,2000.0,1290.99
6,500,15.6,25,32.0,34,160,19,0,1000.0,1806.99
6,500,15.6,26,16.0,34,160,19,0,512.0,1763.99
6,500,15.6,25,16.0,22,160,19,0,512.0,1770.99
6,429,15.6,25,16.0,22,160,19,0,128.0,634.37
6,521,14.0,25,16.0,22,160,19,0,256.0,1733.99
6,500,15.6,26,8.0,34,160,19,0,256.0,2337.99
6,475,15.6,25,16.0,22,0,0,0,2000.0,999.99
6,500,15.6,26,16.0,22,160,19,0,512.0,1715.99
6,471,14.0,25,8.0,24,160,19,0,512.0,1620.93
6,490,14.0,26,32.0,22,160,19,0,512.0,2301.99
6,426,15.6,25,8.0,34,160,19,0,256.0,595.35
6,500,15.6,26,32.0,22,160,19,0,512.0,1764.99
6,429,15.6,25,16.0,22,160,19,0,2000.0,755.61
6,500,15.6,26,32.0,34,160,19,0,2000.0,2020.99
6,475,15.6,25,16.0,22,160,19,0,256.0,878.37
6,471,14.0,26,8.0,22,160,19,0,512.0,807.99
6,471,14.0,26,8.0,34,160,19,0,512.0,801.99
6,471,14.0,26,16.0,22,160,19,0,512.0,807.99
6,480,13.3,26,32.0,22,160,19,0,1000.0,1670.99
6,500,15.6,26,32.0,34,160,19,0,2000.0,2547.99
6,471,14.0,26,32.0,22,160,19,0,256.0,1015.99
6,475,15.6,25,32.0,22,160,19,0,512.0,959.45
6,500,15.6,25,32.0,34,160,19,0,512.0,1811.99
6,500,15.6,26,16.0,34,160,19,0,2000.0,1816.99
6,490,14.0,25,16.0,34,160,19,0,1000.0,834.99
6,475,15.6,25,32.0,22,160,19,0,2000.0,1038.28
6,534,14.0,26,32.0,22,160,19,0,1000.0,1515.99
6,854,15.6,26,32.0,34,160,19,0,1000.0,993.99
6,429,15.6,25,16.0,22,160,19,0,2000.0,767.11
6,854,15.6,25,32.0,22,160,19,0,1000.0,827.99
6,471,14.0,26,8.0,34,160,19,0,2000.0,880.99
6,429,15.6,25,16.0,22,160,19,0,500.0,619.39
6,490,14.0,26,32.0,22,160,19,0,2000.0,1137.99
6,475,15.6,26,16.0,34,160,34,0,512.0,1015.99
6,500,15.6,26,32.0,22,160,19,0,512.0,1819.99
6,500,15.6,25,32.0,22,160,19,0,2000.0,1872.99
6,429,15.6,25,8.0,22,160,19,0,256.0,573.24
6,490,14.0,26,32.0,34,160,19,0,256.0,1011.25
6,108,15.6,8,32.0,22,160,44,0,512.0,2128.99
6,471,14.0,25,16.0,24,160,19,0,512.0,807.99
6,471,14.0,26,32.0,34,160,19,0,256.0,1011.25
6,500,15.6,25,8.0,34,160,19,0,256.0,844.58
6,475,15.6,26,4.0,37,160,19,0,512.0,1574.99
6,500,15.6,25,16.0,22,160,19,0,1000.0,1860.99
6,471,14.0,25,16.0,34,160,34,0,1000.0,969.99
6,500,15.6,25,8.0,34,160,19,0,1000.0,931.3
6,854,15.6,25,32.0,34,160,19,0,1000.0,820.99
6,475,15.6,25,8.0,34,160,19,0,2000.0,977.47
6,429,15.6,25,32.0,22,160,19,0,2000.0,742.99
6,481,13.3,25,8.0,22,160,19,0,1000.0,803.99
6,471,14.0,26,32.0,22,160,19,0,1000.0,1091.99
6,490,14.0,25,16.0,22,160,19,0,1000.0,1229.99
6,500,15.6,26,32.0,22,160,19,0,512.0,2446.99
6,533,14.0,26,16.0,22,160,19,0,256.0,3458.99
6,500,15.6,26,16.0,34,160,19,0,1000.0,2439.99
6,500,15.6,26,16.0,34,160,19,0,512.0,1672.99
6,500,15.6,25,16.0,22,160,19,0,1000.0,953.82
6,513,13.3,26,16.0,34,160,19,0,2000.0,880.99
6,333,16.0,26,48.0,37,160,43,0,2000.0,1419.99
6,475,15.6,25,16.0,34,0,0,0,512.0,898.64
6,471,14.0,25,16.0,22,160,19,0,256.0,764.99
6,481,13.3,25,16.0,34,160,19,0,256.0,839.99
6,500,15.6,25,16.0,22,160,19,0,128.0,878.37
6,500,15.6,26,8.0,34,160,19,0,256.0,1655.99
6,429,15.6,25,8.0,22,160,19,0,512.0,600.68
6,500,15.6,25,16.0,34,160,19,0,512.0,915.52
6,475,15.6,26,32.0,34,160,19,0,256.0,1605.99
6,529,15.6,26,16.0,22,160,19,0,512.0,1102.99
6,429,15.6,25,8.0,22,160,19,0,512.0,658.99
6,429,15.6,25,32.0,22,160,19,0,512.0,700.58
6,501,15.6,25,32.0,34,160,19,0,512.0,1703.99
6,513,13.3,26,16.0,34,160,19,0,1000.0,834.99
6,441,14.0,8,12.0,34,160,2,0,256.0,602.47
6,429,15.6,25,16.0,22,160,19,0,512.0,613.99
6,480,13.3,25,8.0,22,160,19,0,256.0,595.99
6,475,15.6,25,32.0,34,160,19,0,2000.0,1032.65
6,500,15.6,25,16.0,22,160,19,0,256.0,878.37
6,490,14.0,25,16.0,22,160,19,0,1000.0,840.99
6,471,14.0,25,16.0,34,160,19,0,512.0,801.99
6,522,14.0,26,16.0,22,160,19,0,2000.0,886.99
6,490,14.0,25,8.0,22,160,19,0,256.0,1122.99
6,490,14.0,25,16.0,34,160,19,0,512.0,1179.99
6,429,15.6,25,32.0,22,160,19,0,256.0,614.4
6,490,14.0,25,8.0,22,160,19,0,256.0,765.75
6,481,13.3,25,8.0,22,160,19,0,256.0,739.99
6,481,13.3,25,16.0,34,160,19,0,512.0,900.89
6,475,15.6,25,32.0,22,160,19,0,256.0,916.66
6,854,15.6,26,16.0,34,160,19,0,512.0,923.99
6,500,15.6,25,16.0,22,160,19,0,512.0,921.16
6,500,15.6,25,16.0,34,160,19,0,256.0,844.58
9,385,15.6,26,16.0,34,86,19,0,512.0,1049.0
6,429,15.6,25,32.0,22,160,19,0,512.0,688.99
6,522,14.0,26,32.0,22,0,0,0,256.0,764.99
6,522,14.0,26,16.0,34,160,19,0,2000.0,880.99
6,889,15.6,26,32.0,22,160,42,0,512.0,2860.99
6,480,13.3,24,8.0,34,160,19,0,256.0,576.99
6,500,15.6,25,4.0,34,160,19,0,512.0,891.88
6,854,15.6,25,32.0,34,160,19,0,2000.0,877.99
6,637,17.0,25,16.0,37,160,61,0,512.0,2501.99
6,424,16.0,26,16.0,34,81,7,0,1024.0,1459.0
6,481,13.3,25,16.0,34,160,19,0,512.0,730.99
6,500,15.6,26,32.0,34,160,19,0,256.0,2407.99
6,500,15.6,25,32.0,22,160,19,0,2000.0,1038.28
6,475,15.6,25,16.0,34,160,19,0,2000.0,994.35
6,522,14.0,26,32.0,34,160,19,0,2000.0,1552.99
6,429,15.6,25,32.0,22,160,19,0,128.0,660.99
6,429,15.6,25,16.0,22,160,19,0,2000.0,754.99
6,429,15.6,25,16.0,22,160,19,0,500.0,618.99
6,854,15.6,25,16.0,34,160,19,0,1000.0,790.99
6,471,14.0,26,16.0,22,160,19,0,256.0,764.99
6,471,14.0,26,8.0,22,160,19,0,1000.0,840.99
6,854,15.6,25,32.0,34,160,19,0,512.0,773.99
6,429,15.6,25,8.0,22,160,19,0,512.0,648.11
6,475,15.6,26,4.0,34,160,19,0,512.0,1574.99
6,521,14.0,26,32.0,22,160,19,0,512.0,3820.99
6,490,14.0,25,32.0,22,160,19,0,256.0,841.99
6,490,14.0,25,16.0,34,160,19,0,256.0,1751.99
6,427,15.6,2,12.0,22,160,19,0,512.0,889.99
6,854,15.6,26,16.0,34,160,19,0,512.0,988.99
6,490,14.0,25,16.0,22,160,19,0,128.0,764.99
6,490,14.0,25,16.0,22,160,19,0,512.0,807.99
6,480,13.3,26,8.0,22,160,19,0,512.0,863.99
6,490,14.0,26,32.0,34,160,19,0,512.0,1053.99
6,475,15.6,25,16.0,34,160,19,0,512.0,915.52
6,429,15.6,25,32.0,22,160,19,0,2000.0,784.64
6,475,15.6,26,16.0,22,160,19,0,2000.0,1720.99
6,500,15.6,25,16.0,34,160,19,0,512.0,1672.99
6,887,13.4,25,8.0,37,160,19,0,256.0,1225.99
6,429,15.6,25,8.0,22,160,19,0,128.0,619.99
6,490,14.0,25,32.0,34,160,19,0,1000.0,922.99
6,110,15.6,8,32.0,34,160,43,0,512.0,1556.1
12,710,14.0,26,16.0,22,104,19,0,1024.0,1259.0
6,890,15.6,26,4.0,37,160,41,0,128.0,1563.99
6,500,15.6,26,32.0,34,160,19,0,1000.0,2488.99
6,423,16.0,26,32.0,34,81,7,0,1024.0,1439.0
6,429,15.6,25,32.0,22,160,19,0,256.0,613.99
6,624,14.0,26,16.0,37,160,56,0,512.0,1305.99
6,505,15.6,26,8.0,37,160,19,0,512.0,1373.99
6,500,15.6,26,32.0,34,160,19,0,2000.0,1865.99
6,500,15.6,25,16.0,34,160,19,0,512.0,1763.99
6,500,15.6,25,32.0,34,160,19,0,256.0,1725.99
6,517,13.3,25,16.0,37,160,19,0,256.0,1367.45
6,639,17.0,25,16.0,34,160,61,0,1000.0,2253.72
6,651,17.3,26,16.0,34,160,60,0,512.0,1951.52
6,891,15.6,27,16.0,37,160,48,0,2000.0,2945.99
6,486,13.3,25,16.0,37,160,19,0,256.0,991.99
6,120,16.0,26,16.0,37,160,49,0,1000.0,2807.93
6,471,14.0,24,16.0,37,160,19,0,512.0,699.99
6,535,14.0,26,32.0,37,160,19,0,256.0,2291.99
6,115,18.0,27,32.0,34,160,49,0,2000.0,2640.17
6,500,15.6,26,16.0,34,160,19,0,2000.0,1971.99
6,854,15.6,25,4.0,34,160,19,0,256.0,691.99
6,427,15.6,2,12.0,22,160,19,0,512.0,890.37
6,427,15.6,2,12.0,22,160,19,0,256.0,852.99
6,490,14.0,25,8.0,22,160,19,0,128.0,765.75
6,854,15.6,25,32.0,37,160,19,0,512.0,773.99
6,891,15.6,26,16.0,37,160,23,0,512.0,1710.99
6,115,18.0,26,32.0,37,160,47,0,2000.0,2321.99
6,887,13.4,26,32.0,37,160,19,0,512.0,1720.95
6,439,16.0,25,8.0,37,160,19,0,512.0,888.99
9,14,15.6,24,8.0,34,102,19,0,512.0,479.99
6,475,15.6,25,32.0,22,160,19,0,1000.0,992.1
6,429,15.6,25,8.0,22,160,19,0,2000.0,618.15
6,475,15.6,26,32.0,34,160,19,0,1000.0,1702.99
9,13,15.6,25,32.0,37,106,19,0,1024.0,959.0
6,475,15.6,26,8.0,34,160,19,0,128.0,1529.99
6,475,15.6,25,8.0,22,0,0,0,1000.0,936.93
6,115,18.0,27,32.0,37,160,49,0,2000.0,2640.17
6,429,15.6,25,32.0,22,160,19,0,2000.0,735.59
6,115,18.0,27,16.0,34,160,51,0,512.0,3163.36
6,429,15.6,25,32.0,22,160,19,0,512.0,641.86
6,891,15.6,26,16.0,34,160,48,0,1000.0,2437.64
6,891,15.6,26,16.0,37,160,48,0,2000.0,2433.27
6,651,17.3,26,32.0,34,160,62,0,512.0,2815.3
6,891,15.6,26,32.0,34,160,49,0,2000.0,3111.99
6,480,13.3,26,32.0,22,160,19,0,512.0,1621.99
6,854,15.6,25,32.0,22,160,19,0,512.0,780.99
6,475,15.6,26,16.0,22,160,19,0,512.0,1620.99
6,426,15.6,25,8.0,34,160,19,0,256.0,594.99
6,490,14.0,26,32.0,22,160,19,0,256.0,1015.99
6,118,14.0,26,16.0,34,160,48,0,1000.0,2104.92
6,442,14.0,26,4.0,34,160,19,0,128.0,777.02
6,116,18.0,8,16.0,34,160,51,0,1000.0,2954.63
6,429,15.6,25,32.0,22,160,19,0,1000.0,683.99
6,429,15.6,25,16.0,22,160,19,0,1000.0,703.99
6,529,15.6,25,16.0,22,160,19,0,256.0,1077.99
6,522,14.0,26,16.0,22,0,0,0,512.0,1327.99
6,490,14.0,26,32.0,22,160,19,0,512.0,1058.99
6,111,15.6,8,16.0,34,160,45,0,1000.0,1679.99
6,891,15.6,26,16.0,34,160,48,0,1000.0,2436.99
6,483,13.3,26,16.0,24,160,19,0,512.0,1194.99
6,524,14.0,26,16.0,37,160,19,0,512.0,1621.99
6,475,15.6,25,16.0,22,160,19,0,2000.0,999.99
6,529,15.6,25,8.0,22,160,19,0,512.0,1102.99
6,481,13.3,26,16.0,22,160,19,0,512.0,934.67
6,496,14.0,25,32.0,37,160,19,0,512.0,1314.99
9,15,15.6,25,32.0,37,78,19,0,1024.0,809.0
6,856,15.6,25,16.0,37,160,19,0,1000.0,776.99
6,118,14.0,26,16.0,34,160,48,0,1000.0,2103.99
6,525,14.0,26,16.0,24,160,19,0,256.0,1316.99
6,113,16.0,8,16.0,34,160,51,0,512.0,3007.99
12,788,13.3,8,16.0,37,44,22,16,512.0,799.99
6,858,16.0,26,16.0,34,160,41,0,512.0,1161.11
6,476,15.6,25,16.0,37,160,19,0,256.0,822.99
6,527,14.0,25,16.0,37,160,19,0,256.0,2550.99
9,15,15.6,25,16.0,24,78,19,0,1024.0,729.0
6,627,15.6,26,16.0,37,160,56,0,512.0,981.99
6,891,15.6,26,16.0,37,160,49,0,512.0,2572.05
6,533,14.0,25,16.0,22,160,19,0,256.0,3415.99
6,429,15.6,25,32.0,22,160,19,0,1000.0,731.83
6,475,15.6,25,8.0,22,160,19,0,1000.0,936.93
6,490,14.0,25,16.0,22,160,19,0,256.0,1130.99
6,854,15.6,26,32.0,34,160,19,0,1000.0,1046.99
6,503,15.6,26,32.0,37,0,19,66,512.0,1173.01
6,120,16.0,27,32.0,34,160,51,0,2000.0,3854.66
6,120,16.0,27,32.0,34,160,51,0,1000.0,3757.54
6,333,16.0,26,16.0,34,160,42,0,512.0,1210.99
6,427,15.6,2,12.0,22,160,19,0,256.0,853.82
6,500,15.6,25,8.0,22,160,19,0,256.0,861.48
6,475,15.6,25,8.0,37,0,0,0,2000.0,989.85
6,490,14.0,25,32.0,22,160,19,0,1000.0,1275.99
6,480,13.3,26,16.0,22,160,19,0,256.0,821.99
6,500,15.6,26,16.0,34,160,19,0,256.0,2354.99
6,332,15.6,8,32.0,34,107,7,0,1024.0,1259.0
6,333,16.0,26,16.0,22,160,43,0,1000.0,1310.99
6,855,15.6,26,16.0,22,160,19,0,512.0,943.69
6,854,15.6,26,16.0,22,160,19,0,1000.0,967.99
6,475,15.6,25,8.0,34,160,19,0,1000.0,931.3
0,98,15.6,26,32.0,34,107,7,0,1024.0,1559.0
6,120,16.0,27,32.0,37,160,51,0,2000.0,3854.66
6,500,15.6,26,32.0,22,160,19,0,1000.0,1909.99
6,433,14.0,26,4.0,24,160,19,0,128.0,968.99
6,651,17.3,26,16.0,37,160,62,0,1000.0,2700.99
12,567,13.3,26,16.0,24,79,19,0,512.0,949.0
12,905,16.0,26,16.0,34,85,19,0,512.0,1199.99
6,887,13.4,26,16.0,37,160,19,0,1000.0,1494.62
6,115,18.0,27,32.0,37,160,48,0,1000.0,2478.32
6,429,15.6,25,32.0,22,160,19,0,2000.0,743.09
6,475,15.6,26,16.0,22,160,19,0,1000.0,1661.99
6,854,15.6,25,4.0,37,160,19,0,256.0,691.99
6,476,15.6,25,16.0,37,160,19,0,256.0,864.99
6,887,13.4,26,32.0,34,160,19,0,512.0,1495.99
12,553,16.0,27,48.0,34,116,7,0,1024.0,2459.0
6,521,14.0,26,32.0,22,160,19,0,1000.0,3869.99
6,513,13.3,25,16.0,37,160,19,0,256.0,899.99
6,490,14.0,25,8.0,22,160,19,0,1000.0,840.99
6,651,17.3,27,16.0,37,160,60,0,1000.0,2410.99
6,652,17.0,26,32.0,34,160,19,0,1000.0,2815.3
6,475,15.6,25,32.0,37,160,19,0,512.0,953.82
6,889,15.6,25,16.0,22,160,19,0,512.0,1666.65
6,429,15.6,25,8.0,22,160,19,0,1000.0,690.58
6,429,15.6,25,16.0,22,160,19,0,1000.0,619.99
6,522,14.0,25,16.0,22,160,19,0,2000.0,886.99
6,429,15.6,25,32.0,22,160,19,0,512.0,699.99
6,522,14.0,25,16.0,34,0,19,0,1000.0,1267.99
6,426,15.6,25,4.0,34,160,19,0,128.0,608.33
6,534,14.0,25,16.0,22,160,19,0,256.0,708.99
6,490,14.0,26,16.0,34,160,19,0,1000.0,1424.99
6,429,15.6,25,8.0,22,160,19,0,500.0,599.44
6,522,14.0,25,16.0,22,160,19,0,1000.0,1155.99
6,500,15.6,26,16.0,22,160,19,0,256.0,2366.99
6,475,15.6,25,32.0,34,160,19,0,512.0,953.82
6,490,14.0,25,4.0,34,160,19,0,128.0,1078.99
6,537,15.0,26,16.0,22,160,19,0,512.0,1046.99
6,513,13.3,25,16.0,22,160,19,0,256.0,683.99
6,490,14.0,25,32.0,34,160,19,0,512.0,1125.99
6,522,14.0,25,32.0,34,0,0,0,2000.0,1328.99
6,429,15.6,25,16.0,22,160,19,0,2000.0,714.99
6,651,17.3,25,32.0,37,160,64,0,1000.0,3176.99
6,643,15.6,26,16.0,34,160,66,0,512.0,2126.99
6,475,15.6,26,8.0,34,160,19,0,512.0,1584.99
6,854,15.6,26,8.0,34,160,19,0,512.0,921.99
6,854,15.6,25,16.0,22,160,19,0,256.0,719.99
6,429,15.6,25,16.0,22,160,19,0,512.0,660.99
6,115,18.0,27,32.0,34,160,50,0,1000.0,2675.28
6,112,16.0,26,32.0,37,160,47,0,512.0,1989.85
6,115,18.0,26,16.0,37,160,49,0,512.0,2244.54
6,475,15.6,26,32.0,34,160,19,0,2000.0,1761.99
6,490,14.0,25,16.0,34,160,19,0,2000.0,1283.99
6,490,14.0,25,32.0,22,160,19,0,512.0,1231.99
6,429,15.6,25,8.0,22,160,19,0,512.0,647.99
6,528,14.0,26,16.0,34,160,19,0,1000.0,1305.17
6,437,16.0,25,12.0,22,160,19,0,256.0,739.99
6,500,15.6,25,32.0,34,160,19,0,512.0,953.82
6,481,13.3,26,16.0,22,160,19,0,256.0,821.99
6,118,14.0,26,32.0,34,160,48,0,1000.0,2033.26
3,808,17.3,7,24.0,24,107,7,0,1024.0,1139.0
6,645,16.0,26,32.0,37,160,57,0,1000.0,2400.99
6,108,15.6,8,32.0,22,160,44,0,2000.0,2255.92
6,331,15.6,26,16.0,37,160,48,0,1000.0,1409.99
6,471,14.0,26,4.0,34,160,19,0,128.0,2211.99
6,854,15.6,26,16.0,22,160,19,0,512.0,942.99
6,522,14.0,25,16.0,34,160,19,0,256.0,1014.99
6,426,15.6,24,16.0,22,160,19,0,2000.0,635.67
6,529,15.6,25,8.0,22,160,19,0,256.0,1077.99
6,429,15.6,25,16.0,22,160,19,0,256.0,586.96
6,889,15.6,26,16.0,22,160,42,0,512.0,2810.99
6,522,14.0,25,16.0,22,160,19,0,256.0,1056.99
6,500,15.6,25,32.0,34,160,19,0,2000.0,1865.99
6,628,15.6,25,16.0,37,160,52,0,256.0,1660.99
6,636,15.6,25,8.0,24,160,60,0,256.0,2007.99
6,439,16.0,26,16.0,34,160,19,0,1000.0,1043.99
6,426,15.6,24,8.0,22,160,19,0,128.0,558.99
6,442,14.0,26,16.0,34,160,19,0,256.0,788.28
6,421,15.6,8,16.0,34,102,19,0,1024.0,809.99
6,475,15.6,25,16.0,22,160,19,0,1000.0,953.82
6,429,15.6,25,32.0,22,160,19,0,500.0,645.99
6,522,14.0,26,16.0,34,160,19,0,512.0,801.99
6,429,15.6,25,8.0,22,160,19,0,2000.0,693.99
6,429,15.6,25,8.0,22,160,19,0,512.0,599.99
6,475,15.6,26,8.0,22,0,0,0,512.0,1667.99
6,490,14.0,26,8.0,22,160,19,0,512.0,807.99
6,643,15.6,26,32.0,37,160,19,0,256.0,2102.99
6,500,15.6,26,16.0,37,160,19,0,128.0,1690.99
6,854,15.6,25,16.0,37,160,19,0,256.0,713.99
6,854,15.6,25,32.0,37,160,19,0,2000.0,877.99
6,500,15.6,25,8.0,37,160,19,0,1000.0,931.3
6,854,15.6,25,12.0,37,160,19,0,512.0,732.99
6,854,15.6,24,8.0,37,160,19,0,128.0,691.99
6,475,15.6,26,8.0,37,0,0,0,1000.0,1626.99
6,481,13.3,25,8.0,24,160,19,0,256.0,739.99
6,500,15.6,26,8.0,37,160,19,0,256.0,2337.99
17,682,17.3,27,16.0,24,106,7,0,1024.0,1999.0
6,75,15.6,26,16.0,24,156,22,0,256.0,439.99
6,522,14.0,26,16.0,22,0,0,0,1000.0,1528.99
6,429,15.6,25,8.0,22,160,19,0,500.0,604.99
12,747,16.0,26,16.0,34,94,19,0,1024.0,1309.0
0,138,15.6,25,8.0,24,107,19,0,512.0,709.0
6,500,15.6,25,4.0,34,160,19,0,256.0,844.58
6,331,15.6,26,16.0,34,160,47,0,1000.0,1366.99
6,481,13.3,25,16.0,37,0,0,0,256.0,899.99
6,500,15.6,25,16.0,22,160,19,0,256.0,1683.99
6,490,14.0,26,16.0,22,160,19,0,256.0,764.99
6,500,15.6,25,32.0,22,160,19,0,1000.0,992.1
6,500,15.6,26,16.0,22,160,19,0,1000.0,1764.99
9,15,15.6,26,16.0,37,114,19,0,512.0,899.0
6,891,15.6,27,16.0,37,160,49,0,512.0,2604.99
6,858,16.0,26,40.0,24,160,42,0,2000.0,1365.99
6,439,16.0,26,16.0,37,160,19,0,1000.0,1084.99
6,471,14.0,25,8.0,37,160,36,0,256.0,813.99
6,513,13.3,25,16.0,22,0,19,0,512.0,807.99
6,500,15.6,25,16.0,34,160,19,0,1000.0,1757.99
6,624,14.0,26,16.0,37,160,19,0,256.0,1046.99
6,527,14.0,26,16.0,37,160,19,0,512.0,2401.99
6,115,18.0,27,32.0,37,160,49,0,1000.0,2790.04
6,629,15.6,27,16.0,37,160,57,0,512.0,2268.99
6,439,16.0,26,16.0,34,160,38,0,1000.0,1207.99
6,528,14.0,25,16.0,37,0,19,66,256.0,1212.99
6,518,13.3,26,16.0,34,160,19,0,512.0,1311.99
6,471,14.0,25,16.0,34,0,0,0,2000.0,880.99
6,432,14.0,25,4.0,22,160,19,0,128.0,764.99
6,475,15.6,25,16.0,22,0,0,0,512.0,921.16
6,854,15.6,25,16.0,22,160,19,0,512.0,802.99
6,522,14.0,26,16.0,34,0,19,0,512.0,801.99
6,490,14.0,25,32.0,34,160,19,0,1000.0,1267.99
6,628,15.6,26,16.0,37,160,52,0,256.0,1783.99
6,516,13.3,26,16.0,37,160,19,0,512.0,844.58
3,804,15.6,26,16.0,22,105,7,0,1024.0,1179.0
6,120,16.0,26,16.0,37,160,49,0,1000.0,2806.99
6,429,15.6,25,16.0,22,160,19,0,128.0,633.99
6,439,16.0,26,16.0,34,160,19,0,512.0,1043.99
12,773,16.0,26,16.0,24,94,19,0,1024.0,1839.0
6,490,14.0,25,16.0,22,160,19,0,256.0,764.99
6,521,14.0,25,8.0,22,160,19,0,256.0,1733.99
6,891,15.6,26,16.0,37,160,49,0,512.0,2385.99
6,496,14.0,26,32.0,37,160,37,0,512.0,1708.99
3,808,17.3,7,16.0,22,107,7,0,1024.0,1049.0
12,408,15.6,24,12.0,22,78,19,0,1024.0,589.0
6,629,15.6,25,16.0,37,160,52,0,256.0,1576.99
6,503,15.6,26,16.0,37,160,34,0,256.0,1929.99
6,496,14.0,26,8.0,37,160,19,0,512.0,1204.99
6,639,17.0,26,32.0,37,160,62,0,1000.0,3212.99
6,651,17.3,26,32.0,34,160,62,0,256.0,2792.78
6,625,14.0,26,16.0,24,160,19,0,256.0,1008.94
6,122,17.3,27,32.0,34,160,45,0,1000.0,2580.73
6,500,15.6,25,16.0,34,160,19,0,2000.0,1816.99
6,429,15.6,25,32.0,22,160,19,0,512.0,640.99
6,625,14.0,26,16.0,37,160,19,0,512.0,1023.99
6,481,13.3,25,8.0,34,160,19,0,256.0,730.99
6,522,14.0,26,32.0,34,160,19,0,1000.0,1493.99
6,475,15.6,26,32.0,22,160,19,0,512.0,1667.99
6,429,15.6,25,32.0,22,160,19,0,256.0,672.99
6,522,14.0,26,16.0,22,0,19,0,256.0,1431.99
6,112,16.0,27,32.0,37,160,51,0,1000.0,3514.99
6,493,14.0,26,16.0,37,160,19,0,256.0,2316.99
6,643,15.6,26,8.0,37,160,66,0,1000.0,2142.99
6,891,15.6,26,32.0,37,160,47,0,2000.0,2409.99
3,686,15.6,8,32.0,37,107,7,0,1024.0,1279.0
6,114,17.3,8,32.0,34,160,46,0,1000.0,2357.99
6,439,16.0,26,16.0,37,160,38,0,1000.0,1249.99
6,115,18.0,26,32.0,34,160,49,0,1000.0,2517.99
6,625,14.0,25,16.0,37,160,52,0,512.0,1023.99
6,475,15.6,26,32.0,37,160,35,0,1000.0,1143.99
6,471,14.0,25,16.0,22,0,19,0,512.0,807.99
6,625,14.0,26,32.0,37,160,52,0,512.0,1139.99
6,471,14.0,25,16.0,37,160,19,0,512.0,740.99
6,624,14.0,26,32.0,37,160,56,0,512.0,1314.99
6,326,15.6,8,16.0,37,160,43,0,512.0,1334.99
6,115,18.0,27,32.0,34,160,49,0,1000.0,2595.99
6,885,13.0,25,16.0,34,160,19,0,512.0,1284.99
6,115,18.0,27,32.0,37,160,49,0,1000.0,2720.99
6,518,13.3,26,32.0,37,160,19,0,1000.0,1724.99
6,527,14.0,26,16.0,34,160,19,0,256.0,1357.99
6,496,14.0,26,32.0,37,160,19,0,256.0,954.94
6,433,14.0,26,4.0,22,160,19,0,128.0,960.99
6,528,14.0,26,16.0,37,160,19,0,256.0,1309.99
6,528,14.0,26,16.0,37,160,19,0,512.0,1422.99
6,476,15.6,26,32.0,37,160,19,0,512.0,1091.99
6,885,13.0,25,8.0,34,160,19,0,512.0,1253.99
6,515,13.3,25,16.0,37,0,19,66,256.0,1076.22
6,475,15.6,25,16.0,37,0,0,0,2000.0,989.85
6,891,15.6,26,32.0,34,160,23,0,512.0,1781.99
6,485,13.3,26,16.0,22,160,19,0,256.0,1341.99
6,629,15.6,26,32.0,37,160,52,0,1000.0,1883.99
6,114,17.3,8,8.0,34,160,42,0,512.0,1282.99
6,115,18.0,27,32.0,34,160,49,0,2000.0,2686.99
0,602,15.6,26,32.0,22,107,7,0,1024.0,1559.0
6,496,14.0,26,32.0,34,160,19,0,1000.0,1395.99
6,528,14.0,25,16.0,34,160,19,0,512.0,1229.99
6,891,15.6,27,32.0,34,160,48,0,512.0,2548.99
6,887,13.4,26,32.0,34,160,19,0,1000.0,1355.84
6,115,18.0,27,32.0,34,0,7,125,1000.0,2477.99
6,887,13.4,26,16.0,37,160,19,0,1000.0,1502.99
6,528,14.0,26,16.0,37,160,19,0,256.0,1455.99
6,120,16.0,26,16.0,34,160,47,0,1000.0,2280.99
6,518,13.3,26,32.0,37,160,19,0,1000.0,1614.99
3,157,15.6,26,12.0,34,105,7,0,1024.0,1159.0
9,614,15.6,26,24.0,34,102,19,0,512.0,989.0
0,137,17.3,25,8.0,37,103,19,0,512.0,679.0
9,314,17.3,26,16.0,37,109,19,0,512.0,1299.0
9,615,15.6,26,32.0,37,110,19,0,1024.0,1239.0
9,385,15.6,26,48.0,24,107,7,0,1024.0,1379.0
9,315,15.6,25,32.0,24,83,19,0,1024.0,1059.0
9,373,14.0,25,16.0,30,44,19,0,256.0,322.75
6,854,15.6,26,32.0,22,160,19,0,1000.0,1000.99
6,643,15.6,26,16.0,22,160,66,0,512.0,2219.99
6,429,15.6,25,32.0,22,160,19,0,2000.0,734.99
6,643,15.6,26,8.0,37,0,7,0,1000.0,2142.99
6,643,15.6,26,32.0,37,160,19,0,256.0,2085.99
6,887,13.4,26,32.0,34,160,19,0,512.0,1730.99
6,325,15.6,26,24.0,37,107,7,0,1024.0,1599.0
6,505,15.6,25,32.0,37,160,19,0,512.0,1382.99
9,315,15.6,26,32.0,22,83,19,0,1024.0,1349.0
6,887,13.4,26,32.0,34,160,19,0,1000.0,1725.99
0,602,15.6,26,32.0,24,107,7,0,1024.0,1199.0
21,345,13.3,35,16.0,34,77,19,0,256.0,1449.99
0,136,17.3,26,12.0,22,82,19,0,512.0,799.0
9,313,17.3,26,32.0,24,85,19,0,1024.0,1389.0
12,768,14.0,7,24.0,34,93,19,0,1024.0,899.0
6,446,14.0,26,16.0,24,83,19,0,1024.0,1299.0
6,887,13.4,26,16.0,34,0,19,66,1000.0,1493.99
9,5,14.0,24,24.0,22,108,19,0,1024.0,669.0
6,629,15.6,26,16.0,37,0,19,66,512.0,1462.99
9,849,15.6,26,24.0,22,0,19,72,512.0,909.99
6,890,15.6,26,4.0,37,0,7,113,256.0,1563.99
6,476,15.6,26,32.0,37,0,19,66,256.0,1028.99
17,682,17.3,27,32.0,37,106,7,0,1024.0,1844.1
17,618,17.3,25,16.0,34,128,0,0,512.0,1199.0
17,617,17.3,25,32.0,37,128,0,0,512.0,1399.0
6,476,15.6,26,32.0,37,0,19,66,1000.0,1071.99
6,644,16.0,26,32.0,37,0,19,151,512.0,2939.99
9,389,14.0,25,8.0,37,83,19,0,512.0,729.0
6,242,16.0,7,16.0,24,81,19,0,512.0,708.99
6,429,15.6,24,12.0,22,160,19,0,128.0,556.99
6,485,13.3,25,16.0,22,160,19,0,256.0,1197.99
6,522,14.0,26,16.0,34,160,19,0,1000.0,834.99
6,537,15.0,25,16.0,22,160,19,0,512.0,1046.99
6,537,15.0,25,8.0,22,160,19,0,128.0,1021.99
6,494,14.0,26,32.0,37,160,7,0,1000.0,1327.99
6,496,14.0,26,8.0,37,160,19,0,256.0,1161.99
6,629,15.6,25,32.0,37,160,52,0,512.0,1513.99
6,891,15.6,26,16.0,37,160,49,0,1000.0,2368.99
6,115,18.0,26,32.0,37,160,49,0,1000.0,2408.99
6,887,13.4,26,32.0,37,0,19,66,512.0,1537.99
6,426,15.6,25,32.0,37,160,19,0,2000.0,802.99
6,334,16.0,27,32.0,34,0,19,125,1000.0,1680.99
6,887,13.4,26,32.0,34,0,19,66,512.0,1495.99
6,426,15.6,24,8.0,22,160,19,0,256.0,607.99
6,426,15.6,25,8.0,37,160,19,0,256.0,637.99
6,522,14.0,26,16.0,24,0,19,66,256.0,1444.99
6,887,13.4,26,32.0,37,0,19,66,2000.0,1889.99
6,891,15.6,26,16.0,34,160,47,0,512.0,1565.99
6,245,16.0,24,8.0,33,120,19,0,256.0,415.99
12,550,15.6,8,48.0,34,107,7,0,1024.0,1899.0
6,890,15.6,26,32.0,24,0,0,113,1000.0,1693.99
6,890,15.6,26,32.0,34,0,7,113,2000.0,1714.99
6,431,15.6,8,32.0,34,0,19,4,1000.0,1079.99
6,547,12.0,25,32.0,37,0,19,66,512.0,2696.99
6,644,16.0,27,16.0,37,0,19,66,256.0,1927.99
6,547,12.0,25,32.0,37,160,19,0,512.0,2691.99
9,718,14.0,2,4.0,34,113,19,0,64.0,299.0
12,410,15.6,25,8.0,37,102,19,0,1024.0,819.0
6,887,13.4,26,16.0,37,0,19,66,1000.0,1517.99
6,628,15.6,26,16.0,37,0,19,66,512.0,2425.07
6,890,15.6,26,32.0,24,0,0,113,1000.0,1655.99
6,644,16.0,26,32.0,37,0,19,147,1000.0,2324.99
6,429,15.6,25,4.0,37,160,19,0,512.0,597.99
6,513,13.3,26,16.0,34,160,19,0,256.0,900.89
6,644,16.0,26,32.0,37,0,0,147,1000.0,2310.99
6,112,16.0,27,32.0,34,0,7,127,512.0,3319.99
6,890,15.6,26,32.0,24,0,7,114,2000.0,2648.99
6,522,14.0,26,16.0,24,0,19,66,1000.0,1528.99
6,637,17.0,33,32.0,37,160,62,0,512.0,2785.99
6,471,14.0,25,32.0,37,160,34,0,2000.0,1058.99
6,429,15.6,24,8.0,22,160,19,0,512.0,591.99
6,471,14.0,25,8.0,24,0,19,66,512.0,1771.99
6,493,14.0,25,8.0,37,0,19,66,256.0,938.99
